,mAbs_pos,wt,wt_prob,max_prob_aa,max_prob,max/wt_ratio,pos,alias
0,TXG-0001_pos30,S,-7.3726954,<mask>,-7.2412443,1.1404821367822937,30,TXG-0001
1,TXG-0001_pos79,L,-7.2714863,<mask>,-6.599526,1.958071969358553,79,TXG-0001
2,TXG-0001_pos102,S,-10.24149,<mask>,-6.760008,32.50786304762922,102,TXG-0001
3,TXG-0001_pos104,W,-15.808975,<pad>,-4.619199,72386.56537236301,104,TXG-0001
4,TXG-0001_pos156,S,-16.900642,A,-3.1844757,905430.95254796,156,TXG-0001
5,TXG-0002_pos53,D,-9.823295,<unk>,-6.218685,36.76734179742329,53,TXG-0002
6,TXG-0002_pos79,L,-8.576344,</s>,-6.637525,6.950537536728324,79,TXG-0002
7,TXG-0002_pos80,Y,-5.7428327,<s>,-5.160718,1.789819362578836,80,TXG-0002
8,TXG-0002_pos100,Y,-11.720204,<pad>,-4.843807,969.1282925698658,100,TXG-0002
9,TXG-0002_pos101,S,-8.955546,<pad>,-5.1979194,42.84661305373606,101,TXG-0002
10,TXG-0002_pos102,Y,-11.545559,<s>,-6.0052342,254.76073230786625,102,TXG-0002
11,TXG-0002_pos156,S,-15.146651,A,-3.970688,71393.56369951915,156,TXG-0002
12,TXG-0003_pos30,S,-7.3726954,<mask>,-7.2412443,1.1404821367822937,30,TXG-0003
13,TXG-0003_pos102,S,-10.24149,<mask>,-6.760008,32.50786304762922,102,TXG-0003
14,TXG-0003_pos104,W,-15.808975,<pad>,-4.619199,72386.56537236301,104,TXG-0003
15,TXG-0003_pos156,S,-16.900642,A,-3.1844757,905430.95254796,156,TXG-0003
16,TXG-0004_pos30,S,-7.9311476,<mask>,-7.4071817,1.6887116484294162,30,TXG-0004
17,TXG-0004_pos50,I,-6.5737286,<s>,-6.1119866,1.5868358467595192,50,TXG-0004
18,TXG-0004_pos52,X,-6.54297,Y,-6.1186924,1.5284858425654997,52,TXG-0004
19,TXG-0004_pos53,X,-6.7914457,<s>,-6.452053,1.4040946249210764,53,TXG-0004
20,TXG-0004_pos54,D,-7.4340215,<s>,-6.242032,3.2936273650763708,54,TXG-0004
21,TXG-0004_pos79,L,-8.175085,<mask>,-6.4864206,5.41224727825916,79,TXG-0004
22,TXG-0004_pos100,Y,-14.498157,<pad>,-5.111215,11931.55678651927,100,TXG-0004
23,TXG-0004_pos101,S,-13.073531,<pad>,-4.6911936,4369.209590538269,101,TXG-0004
24,TXG-0004_pos102,Y,-13.934337,<s>,-6.119128,2478.004801900091,102,TXG-0004
25,TXG-0004_pos156,S,-18.696344,A,-3.0560234,6201616.86069405,156,TXG-0004
26,TXG-0005_pos30,S,-8.064497,<mask>,-7.408104,1.927826109591097,30,TXG-0005
27,TXG-0005_pos53,X,-5.656673,<pad>,-5.6284676,1.0286069385900658,53,TXG-0005
28,TXG-0005_pos79,L,-7.9546843,<mask>,-6.6381774,3.73036804362061,79,TXG-0005
29,TXG-0005_pos100,Y,-14.008891,<pad>,-5.303638,6034.5284825575,100,TXG-0005
30,TXG-0005_pos101,S,-12.537245,<pad>,-4.863903,2150.255604781032,101,TXG-0005
31,TXG-0005_pos102,Y,-13.396267,<s>,-6.0124955,1609.6491258938947,102,TXG-0005
32,TXG-0005_pos121,S,-20.271858,<mask>,-6.2171116,1270278.0862290445,121,TXG-0005
33,TXG-0006_pos30,S,-7.3726954,<mask>,-7.2412443,1.1404821367822937,30,TXG-0006
34,TXG-0006_pos75,S,-7.364417,<mask>,-7.206733,1.1707961646579697,75,TXG-0006
35,TXG-0006_pos79,L,-7.2714863,<mask>,-6.599526,1.958071969358553,79,TXG-0006
36,TXG-0006_pos102,S,-10.24149,<mask>,-6.760008,32.50786304762922,102,TXG-0006
37,TXG-0006_pos104,W,-15.808975,<pad>,-4.619199,72386.56537236301,104,TXG-0006
38,TXG-0006_pos156,S,-16.900642,A,-3.1844757,905430.95254796,156,TXG-0006
39,TXG-0007_pos15,R,-5.5465155,</s>,-5.2412148,1.3570330014841252,15,TXG-0007
40,TXG-0007_pos30,S,-8.071726,<mask>,-7.2837763,2.1988834306415885,30,TXG-0007
41,TXG-0007_pos50,I,-6.6815763,<s>,-5.7645974,2.5017210124196367,50,TXG-0007
42,TXG-0007_pos54,D,-8.027559,<unk>,-5.828927,9.012675721930806,54,TXG-0007
43,TXG-0007_pos57,N,-6.480289,<s>,-6.4758058,1.0044932645760016,57,TXG-0007
44,TXG-0007_pos79,L,-8.051514,<mask>,-6.449742,4.961816978667612,79,TXG-0007
45,TXG-0007_pos100,Y,-14.044191,<pad>,-4.9779787,8657.768592051863,100,TXG-0007
46,TXG-0007_pos101,S,-12.889013,<pad>,-4.660471,3746.3675642987455,101,TXG-0007
47,TXG-0007_pos102,Y,-13.578393,<s>,-5.8801723,2204.422171946685,102,TXG-0007
48,TXG-0007_pos156,S,-18.331408,A,-3.4585636,2878685.717893307,156,TXG-0007
49,TXG-0008_pos52,X,-6.989809,<s>,-6.4033923,1.7975357515285528,52,TXG-0008
50,TXG-0008_pos53,X,-7.6116853,</s>,-6.9515667,1.935021814380787,53,TXG-0008
51,TXG-0008_pos54,D,-8.94201,</s>,-6.814726,8.39204304188956,54,TXG-0008
52,TXG-0008_pos79,L,-8.562239,</s>,-6.899099,5.275851035007674,79,TXG-0008
53,TXG-0008_pos80,Y,-5.482379,<s>,-5.25258,1.2583470567501278,80,TXG-0008
54,TXG-0008_pos100,Y,-11.669281,<pad>,-5.1526647,676.2861599455568,100,TXG-0008
55,TXG-0008_pos101,S,-9.214696,<pad>,-5.3164306,49.316829896319696,101,TXG-0008
56,TXG-0008_pos102,Y,-11.438814,<mask>,-6.1385036,200.3990041726481,102,TXG-0008
57,TXG-0008_pos116,M,-5.0640316,<pad>,-4.2778225,2.195059383176196,116,TXG-0008
58,TXG-0009_pos30,S,-8.064497,<mask>,-7.408104,1.927826109591097,30,TXG-0009
59,TXG-0009_pos53,X,-5.656673,<pad>,-5.6284676,1.0286069385900658,53,TXG-0009
60,TXG-0009_pos79,L,-7.9546843,<mask>,-6.6381774,3.73036804362061,79,TXG-0009
61,TXG-0009_pos86,L,-7.715411,<unk>,-5.4274836,9.85449208043019,86,TXG-0009
62,TXG-0009_pos100,Y,-14.008891,<pad>,-5.303638,6034.5284825575,100,TXG-0009
63,TXG-0009_pos101,S,-12.537245,<pad>,-4.863903,2150.255604781032,101,TXG-0009
64,TXG-0009_pos102,Y,-13.396267,<s>,-6.0124955,1609.6491258938947,102,TXG-0009
65,TXG-0009_pos121,S,-20.271858,<mask>,-6.2171116,1270278.0862290445,121,TXG-0009
66,TXG-0009_pos156,S,-17.825886,A,-3.3555636,1924780.320555532,156,TXG-0009
67,TXG-0010_pos3,L,-10.902664,<unk>,-5.2494893,285.1954401048049,3,TXG-0010
68,TXG-0010_pos27,T,-8.390316,<pad>,-6.2164097,8.792563434898275,27,TXG-0010
69,TXG-0010_pos55,D,-9.212363,<unk>,-5.9705563,25.579895220679767,55,TXG-0010
70,TXG-0010_pos60,D,-8.30157,<s>,-6.8437243,4.296693184559266,60,TXG-0010
71,TXG-0010_pos89,T,-10.058991,<pad>,-5.414238,104.03766530820594,89,TXG-0010
72,TXG-0010_pos99,T,-12.80604,</s>,-6.447424,577.4466169838042,99,TXG-0010
73,TXG-0010_pos101,F,-22.823006,<mask>,-7.672554,3799773.432907426,101,TXG-0010
74,TXG-0010_pos102,D,-25.18223,<mask>,-7.998724,29020295.848210443,102,TXG-0010
75,TXG-0010_pos103,P,-22.547743,<mask>,-7.6167827,3050940.006644788,103,TXG-0010
76,TXG-0011_pos19,L,-6.827475,<mask>,-5.373566,4.2798116430837245,19,TXG-0011
77,TXG-0011_pos53,K,-6.778682,<s>,-6.2791862,1.6478901949672395,53,TXG-0011
78,TXG-0011_pos54,T,-10.382369,<pad>,-4.4126143,391.4096461867474,54,TXG-0011
79,TXG-0011_pos55,D,-9.314428,<unk>,-5.8381014,32.340703268469134,55,TXG-0011
80,TXG-0011_pos58,T,-7.0663767,<pad>,-5.4988384,4.794830220037579,58,TXG-0011
81,TXG-0011_pos59,T,-8.753828,<pad>,-3.72472,152.79665727185034,59,TXG-0011
82,TXG-0011_pos60,D,-8.061813,<s>,-6.7921934,3.559498271643226,60,TXG-0011
83,TXG-0011_pos89,T,-9.697184,<pad>,-5.2059183,89.23431830895629,89,TXG-0011
84,TXG-0011_pos99,T,-11.760902,</s>,-6.558853,181.64404948556705,99,TXG-0011
85,TXG-0011_pos102,D,-25.523413,<mask>,-7.7409935,52821005.44707661,102,TXG-0011
86,TXG-0011_pos103,Y,-22.990948,<mask>,-7.509497,5290646.457212076,103,TXG-0011
87,TXG-0012_pos19,L,-6.827475,<mask>,-5.373566,4.2798116430837245,19,TXG-0012
88,TXG-0012_pos53,K,-6.778682,<s>,-6.2791862,1.6478901949672395,53,TXG-0012
89,TXG-0012_pos54,T,-10.382369,<pad>,-4.4126143,391.4096461867474,54,TXG-0012
90,TXG-0012_pos55,D,-9.314428,<unk>,-5.8381014,32.340703268469134,55,TXG-0012
91,TXG-0012_pos58,T,-7.0663767,<pad>,-5.4988384,4.794830220037579,58,TXG-0012
92,TXG-0012_pos59,T,-8.753828,<pad>,-3.72472,152.79665727185034,59,TXG-0012
93,TXG-0012_pos60,D,-8.061813,<s>,-6.7921934,3.559498271643226,60,TXG-0012
94,TXG-0012_pos89,T,-9.697184,<pad>,-5.2059183,89.23431830895629,89,TXG-0012
95,TXG-0012_pos99,T,-11.760902,</s>,-6.558853,181.64404948556705,99,TXG-0012
96,TXG-0012_pos102,D,-25.523413,<mask>,-7.7409935,52821005.44707661,102,TXG-0012
97,TXG-0012_pos103,Y,-22.990948,<mask>,-7.509497,5290646.457212076,103,TXG-0012
98,TXG-0013_pos19,L,-6.827475,<mask>,-5.373566,4.2798116430837245,19,TXG-0013
99,TXG-0013_pos53,K,-6.778682,<s>,-6.2791862,1.6478901949672395,53,TXG-0013
100,TXG-0013_pos54,T,-10.382369,<pad>,-4.4126143,391.4096461867474,54,TXG-0013
101,TXG-0013_pos55,D,-9.314428,<unk>,-5.8381014,32.340703268469134,55,TXG-0013
102,TXG-0013_pos58,T,-7.0663767,<pad>,-5.4988384,4.794830220037579,58,TXG-0013
103,TXG-0013_pos59,T,-8.753828,<pad>,-3.72472,152.79665727185034,59,TXG-0013
104,TXG-0013_pos60,D,-8.061813,<s>,-6.7921934,3.559498271643226,60,TXG-0013
105,TXG-0013_pos79,T,-7.68607,<s>,-6.9532366,2.080968478475409,79,TXG-0013
106,TXG-0013_pos89,T,-9.697184,<pad>,-5.2059183,89.23431830895629,89,TXG-0013
107,TXG-0013_pos99,T,-11.760902,</s>,-6.558853,181.64404948556705,99,TXG-0013
108,TXG-0013_pos102,D,-25.523413,<mask>,-7.7409935,52821005.44707661,102,TXG-0013
109,TXG-0013_pos103,Y,-22.990948,<mask>,-7.509497,5290646.457212076,103,TXG-0013
110,TXG-0014_pos19,L,-6.827475,<mask>,-5.373566,4.2798116430837245,19,TXG-0014
111,TXG-0014_pos53,K,-6.778682,<s>,-6.2791862,1.6478901949672395,53,TXG-0014
112,TXG-0014_pos54,T,-10.382369,<pad>,-4.4126143,391.4096461867474,54,TXG-0014
113,TXG-0014_pos55,D,-9.314428,<unk>,-5.8381014,32.340703268469134,55,TXG-0014
114,TXG-0014_pos58,T,-7.0663767,<pad>,-5.4988384,4.794830220037579,58,TXG-0014
115,TXG-0014_pos59,T,-8.753828,<pad>,-3.72472,152.79665727185034,59,TXG-0014
116,TXG-0014_pos60,D,-8.061813,<s>,-6.7921934,3.559498271643226,60,TXG-0014
117,TXG-0014_pos89,T,-9.697184,<pad>,-5.2059183,89.23431830895629,89,TXG-0014
118,TXG-0014_pos99,T,-11.760902,</s>,-6.558853,181.64404948556705,99,TXG-0014
119,TXG-0014_pos102,D,-25.523413,<mask>,-7.7409935,52821005.44707661,102,TXG-0014
120,TXG-0014_pos103,Y,-22.990948,<mask>,-7.509497,5290646.457212076,103,TXG-0014
121,TXG-0015_pos2,Q,-8.108625,<mask>,-6.027351,8.01467310638334,2,TXG-0015
122,TXG-0015_pos19,L,-6.827475,<mask>,-5.373566,4.2798116430837245,19,TXG-0015
123,TXG-0015_pos53,K,-6.778682,<s>,-6.2791862,1.6478901949672395,53,TXG-0015
124,TXG-0015_pos54,T,-10.382369,<pad>,-4.4126143,391.4096461867474,54,TXG-0015
125,TXG-0015_pos55,D,-9.314428,<unk>,-5.8381014,32.340703268469134,55,TXG-0015
126,TXG-0015_pos58,T,-7.0663767,<pad>,-5.4988384,4.794830220037579,58,TXG-0015
127,TXG-0015_pos59,T,-8.753828,<pad>,-3.72472,152.79665727185034,59,TXG-0015
128,TXG-0015_pos60,D,-8.061813,<s>,-6.7921934,3.559498271643226,60,TXG-0015
129,TXG-0015_pos89,T,-9.697184,<pad>,-5.2059183,89.23431830895629,89,TXG-0015
130,TXG-0015_pos99,T,-11.760902,</s>,-6.558853,181.64404948556705,99,TXG-0015
131,TXG-0015_pos102,D,-25.523413,<mask>,-7.7409935,52821005.44707661,102,TXG-0015
132,TXG-0015_pos103,Y,-22.990948,<mask>,-7.509497,5290646.457212076,103,TXG-0015
133,TXG-0016_pos53,K,-6.778682,<s>,-6.2791862,1.6478901949672395,53,TXG-0016
134,TXG-0016_pos54,T,-10.382369,<pad>,-4.4126143,391.4096461867474,54,TXG-0016
135,TXG-0016_pos55,D,-9.314428,<unk>,-5.8381014,32.340703268469134,55,TXG-0016
136,TXG-0016_pos58,T,-7.0663767,<pad>,-5.4988384,4.794830220037579,58,TXG-0016
137,TXG-0016_pos60,D,-8.061813,<s>,-6.7921934,3.559498271643226,60,TXG-0016
138,TXG-0016_pos70,T,-7.4290905,<pad>,-5.0316744,10.99473036185238,70,TXG-0016
139,TXG-0016_pos83,Q,-6.4344897,<mask>,-5.5213537,2.4921255976593626,83,TXG-0016
140,TXG-0016_pos89,T,-9.697184,<pad>,-5.2059183,89.23431830895629,89,TXG-0016
141,TXG-0016_pos99,T,-11.760902,</s>,-6.558853,181.64404948556705,99,TXG-0016
142,TXG-0016_pos102,D,-25.523413,<mask>,-7.7409935,52821005.44707661,102,TXG-0016
143,TXG-0016_pos103,Y,-22.990948,<mask>,-7.509497,5290646.457212076,103,TXG-0016
144,TXG-0016_pos106,Q,-25.655056,<mask>,-8.18164,38780030.722351,106,TXG-0016
145,TXG-0016_pos110,V,-20.384773,<mask>,-7.050912,617763.5141389504,110,TXG-0016
146,TXG-0017_pos19,L,-6.827475,<mask>,-5.373566,4.2798116430837245,19,TXG-0017
147,TXG-0017_pos53,K,-6.778682,<s>,-6.2791862,1.6478901949672395,53,TXG-0017
148,TXG-0017_pos54,T,-10.382369,<pad>,-4.4126143,391.4096461867474,54,TXG-0017
149,TXG-0017_pos55,D,-9.314428,<unk>,-5.8381014,32.340703268469134,55,TXG-0017
150,TXG-0017_pos58,T,-7.0663767,<pad>,-5.4988384,4.794830220037579,58,TXG-0017
151,TXG-0017_pos59,T,-8.753828,<pad>,-3.72472,152.79665727185034,59,TXG-0017
152,TXG-0017_pos60,D,-8.061813,<s>,-6.7921934,3.559498271643226,60,TXG-0017
153,TXG-0017_pos89,T,-9.697184,<pad>,-5.2059183,89.23431830895629,89,TXG-0017
154,TXG-0017_pos99,T,-11.760902,</s>,-6.558853,181.64404948556705,99,TXG-0017
155,TXG-0017_pos102,D,-25.523413,<mask>,-7.7409935,52821005.44707661,102,TXG-0017
156,TXG-0017_pos103,Y,-22.990948,<mask>,-7.509497,5290646.457212076,103,TXG-0017
157,TXG-0018_pos49,A,-7.903013,<mask>,-6.3995037,4.497444290520656,49,TXG-0018
158,TXG-0018_pos55,G,-4.0940604,<mask>,-3.8877108,1.2291828512133869,55,TXG-0018
159,TXG-0018_pos102,R,-12.924873,<mask>,-6.457843,643.5694843533649,102,TXG-0018
160,TXG-0018_pos105,I,-15.900316,<s>,-6.9280224,7881.658261584051,105,TXG-0018
161,TXG-0018_pos121,T,-19.57617,</s>,-6.251265,612255.5256948103,121,TXG-0018
162,TXG-0019_pos49,A,-8.027067,<mask>,-6.393936,5.119879993463174,49,TXG-0019
163,TXG-0019_pos55,G,-4.1883507,<mask>,-4.0091,1.1963206241568325,55,TXG-0019
164,TXG-0020_pos2,Q,-8.188208,<mask>,-6.3256025,6.440495640723252,2,TXG-0020
165,TXG-0020_pos49,A,-7.7873807,<mask>,-6.342297,4.242207200703752,49,TXG-0020
166,TXG-0020_pos102,R,-12.767276,<mask>,-6.704212,429.6899920679729,102,TXG-0020
167,TXG-0020_pos105,I,-13.430434,<s>,-6.825304,738.8759168376513,105,TXG-0020
168,TXG-0020_pos106,I,-17.178274,<s>,-7.322618,19065.887071395915,106,TXG-0020
169,TXG-0020_pos121,T,-19.756592,</s>,-6.3949227,635183.555574017,121,TXG-0020
170,TXG-0021_pos81,Q,-10.321791,<mask>,-7.9252706,10.984886790968588,81,TXG-0021
171,TXG-0021_pos100,S,-12.567749,</s>,-6.5843697,396.7789402359096,100,TXG-0021
172,TXG-0021_pos102,S,-11.252645,<mask>,-7.036062,67.80141059731113,102,TXG-0021
173,TXG-0022_pos81,Q,-10.321791,<mask>,-7.9252706,10.984886790968588,81,TXG-0022
174,TXG-0022_pos100,S,-12.567749,</s>,-6.5843697,396.7789402359096,100,TXG-0022
175,TXG-0022_pos102,S,-11.252645,<mask>,-7.036062,67.80141059731113,102,TXG-0022
176,TXG-0023_pos81,Q,-10.321791,<mask>,-7.9252706,10.984886790968588,81,TXG-0023
177,TXG-0023_pos100,S,-12.567749,</s>,-6.5843697,396.7789402359096,100,TXG-0023
178,TXG-0023_pos102,S,-11.252645,<mask>,-7.036062,67.80141059731113,102,TXG-0023
179,TXG-0024_pos105,Y,-8.024251,</s>,-7.1235423,2.4613468497025948,105,TXG-0024
180,TXG-0024_pos112,D,-9.937754,<unk>,-5.488413,85.5705344350969,112,TXG-0024
181,TXG-0024_pos116,Q,-8.354175,<pad>,-5.437488,18.47996181641325,116,TXG-0024
182,TXG-0024_pos159,S,-11.769106,T,-5.098492,788.8798280051876,159,TXG-0024
183,TXG-0024_pos221,Y,-17.040646,<unk>,-5.8198338,74668.39580473103,221,TXG-0024
184,TXG-0025_pos105,Y,-8.024251,</s>,-7.1235423,2.4613468497025948,105,TXG-0025
185,TXG-0025_pos112,D,-9.937754,<unk>,-5.488413,85.5705344350969,112,TXG-0025
186,TXG-0025_pos116,Q,-8.354175,<pad>,-5.437488,18.47996181641325,116,TXG-0025
187,TXG-0025_pos159,S,-11.769106,T,-5.098492,788.8798280051876,159,TXG-0025
188,TXG-0025_pos221,Y,-17.040646,<unk>,-5.8198338,74668.39580473103,221,TXG-0025
189,TXG-0026_pos33,M,-8.466814,<pad>,-4.7181616,42.46381918231194,33,TXG-0026
190,TXG-0026_pos105,Y,-8.024251,</s>,-7.1235423,2.4613468497025948,105,TXG-0026
191,TXG-0026_pos112,D,-9.937754,<unk>,-5.488413,85.5705344350969,112,TXG-0026
192,TXG-0026_pos116,Q,-8.354175,<pad>,-5.437488,18.47996181641325,116,TXG-0026
193,TXG-0026_pos159,S,-11.769106,T,-5.098492,788.8798280051876,159,TXG-0026
194,TXG-0026_pos221,Y,-17.040646,<unk>,-5.8198338,74668.39580473103,221,TXG-0026
195,TXG-0027_pos36,S,-6.419079,H,-6.228964,1.209388669357451,36,TXG-0027
196,TXG-0027_pos55,D,-8.426191,<pad>,-5.2012253,25.152711403021087,55,TXG-0027
197,TXG-0027_pos61,S,-8.081863,<mask>,-7.861337,1.2467323393576613,61,TXG-0027
198,TXG-0027_pos102,S,-22.755346,<mask>,-7.4285493,4532556.558650366,102,TXG-0027
199,TXG-0027_pos105,Y,-20.41598,H,-6.316616,1328238.2525929557,105,TXG-0027
200,TXG-0028_pos36,S,-6.419079,H,-6.228964,1.209388669357451,36,TXG-0028
201,TXG-0028_pos55,D,-8.426191,<pad>,-5.2012253,25.152711403021087,55,TXG-0028
202,TXG-0028_pos61,S,-8.081863,<mask>,-7.861337,1.2467323393576613,61,TXG-0028
203,TXG-0028_pos102,S,-22.755346,<mask>,-7.4285493,4532556.558650366,102,TXG-0028
204,TXG-0028_pos105,Y,-20.41598,H,-6.316616,1328238.2525929557,105,TXG-0028
205,TXG-0029_pos33,M,-7.684526,<pad>,-3.2842066,81.47688822752262,33,TXG-0029
206,TXG-0029_pos92,V,-6.498282,<unk>,-6.3834963,1.121633045853159,92,TXG-0029
207,TXG-0029_pos100,S,-14.986181,<mask>,-8.042189,1036.9012737658288,100,TXG-0029
208,TXG-0029_pos102,S,-12.305593,<pad>,-5.8126793,660.4449007711777,102,TXG-0029
209,TXG-0029_pos103,Y,-18.30035,<mask>,-6.648588,114893.62738187294,103,TXG-0029
210,TXG-0029_pos104,Y,-21.461567,<mask>,-7.0544667,1806858.5724139288,104,TXG-0029
211,TXG-0029_pos154,S,-16.89086,<pad>,-2.6240306,1570381.9060427702,154,TXG-0029
212,TXG-0029_pos216,Y,-19.933153,<unk>,-3.7340918,10843335.395936953,216,TXG-0029
213,TXG-0030_pos100,S,-15.323233,<mask>,-7.9895015,1531.08436707256,100,TXG-0030
214,TXG-0030_pos101,G,-12.745901,<mask>,-6.9706416,322.22800982406466,101,TXG-0030
215,TXG-0030_pos103,Y,-18.455765,<mask>,-6.6813498,129886.36087072092,103,TXG-0030
216,TXG-0030_pos104,Y,-21.091307,<mask>,-7.1838503,1096305.7756934715,104,TXG-0030
217,TXG-0030_pos216,Y,-19.62673,D,-3.6348178,8814531.285290405,216,TXG-0030
218,TXG-0031_pos32,S,-9.685295,<mask>,-7.183519,12.204149294221777,32,TXG-0031
219,TXG-0031_pos84,S,-8.344287,<mask>,-7.435228,2.481985885446176,84,TXG-0031
220,TXG-0031_pos100,V,-17.095764,<mask>,-6.9047008,26663.828818000748,100,TXG-0031
221,TXG-0031_pos106,Y,-18.992867,<s>,-6.530927,258316.27881556784,106,TXG-0031
222,TXG-0031_pos111,T,-20.392216,<mask>,-6.596153,980740.3258592968,111,TXG-0031
223,TXG-0031_pos152,S,-21.590902,A,-3.0661983,110962592.72488505,152,TXG-0031
224,TXG-0031_pos164,Q,-21.634012,Y,-1.6553226,474935422.4406605,164,TXG-0031
225,TXG-0031_pos196,T,-19.383114,G,-5.1117225,1577562.5122039977,196,TXG-0031
226,TXG-0032_pos32,S,-9.685295,<mask>,-7.183519,12.204149294221777,32,TXG-0032
227,TXG-0032_pos84,S,-8.344287,<mask>,-7.435228,2.481985885446176,84,TXG-0032
228,TXG-0032_pos100,V,-17.095764,<mask>,-6.9047008,26663.828818000748,100,TXG-0032
229,TXG-0032_pos106,Y,-18.992867,<s>,-6.530927,258316.27881556784,106,TXG-0032
230,TXG-0032_pos111,T,-20.392216,<mask>,-6.596153,980740.3258592968,111,TXG-0032
231,TXG-0032_pos152,S,-21.590902,A,-3.0661983,110962592.72488505,152,TXG-0032
232,TXG-0032_pos196,T,-19.383114,G,-5.1117225,1577562.5122039977,196,TXG-0032
233,TXG-0033_pos32,S,-9.685295,<mask>,-7.183519,12.204149294221777,32,TXG-0033
234,TXG-0033_pos84,S,-8.344287,<mask>,-7.435228,2.481985885446176,84,TXG-0033
235,TXG-0033_pos100,V,-17.095764,<mask>,-6.9047008,26663.828818000748,100,TXG-0033
236,TXG-0033_pos106,Y,-18.992867,<s>,-6.530927,258316.27881556784,106,TXG-0033
237,TXG-0033_pos111,T,-20.392216,<mask>,-6.596153,980740.3258592968,111,TXG-0033
238,TXG-0033_pos152,S,-21.590902,A,-3.0661983,110962592.72488505,152,TXG-0033
239,TXG-0033_pos164,Q,-21.634012,Y,-1.6553226,474935422.4406605,164,TXG-0033
240,TXG-0033_pos196,T,-19.383114,G,-5.1117225,1577562.5122039977,196,TXG-0033
241,TXG-0034_pos30,S,-8.337774,H,-7.3163433,2.777165213296771,30,TXG-0034
242,TXG-0034_pos31,Y,-2.5742264,H,-1.6897118,2.4218085602592483,31,TXG-0034
243,TXG-0034_pos55,G,-3.6496394,H,-3.2837327,1.441820714506212,55,TXG-0034
244,TXG-0034_pos58,Y,-3.2174911,H,-1.4185834,6.043043042149443,58,TXG-0034
245,TXG-0034_pos78,L,-5.256839,<unk>,-4.824092,1.5414861753596112,78,TXG-0034
246,TXG-0034_pos79,Y,-3.239727,H,-1.3805332,6.418560041864083,79,TXG-0034
247,TXG-0034_pos188,A,-20.477318,R,-3.0919042,35513156.80462679,188,TXG-0034
248,TXG-0035_pos30,S,-8.337774,H,-7.3163433,2.777165213296771,30,TXG-0035
249,TXG-0035_pos31,Y,-2.5742264,H,-1.6897118,2.4218085602592483,31,TXG-0035
250,TXG-0035_pos55,G,-3.6496394,H,-3.2837327,1.441820714506212,55,TXG-0035
251,TXG-0035_pos58,Y,-3.2174911,H,-1.4185834,6.043043042149443,58,TXG-0035
252,TXG-0035_pos78,L,-5.256839,<unk>,-4.824092,1.5414861753596112,78,TXG-0035
253,TXG-0035_pos79,Y,-3.239727,H,-1.3805332,6.418560041864083,79,TXG-0035
254,TXG-0035_pos188,A,-20.477318,R,-3.0919042,35513156.80462679,188,TXG-0035
255,TXG-0036_pos30,S,-8.337774,H,-7.3163433,2.777165213296771,30,TXG-0036
256,TXG-0036_pos31,Y,-2.5742264,H,-1.6897118,2.4218085602592483,31,TXG-0036
257,TXG-0036_pos55,G,-3.6496394,H,-3.2837327,1.441820714506212,55,TXG-0036
258,TXG-0036_pos58,Y,-3.2174911,H,-1.4185834,6.043043042149443,58,TXG-0036
259,TXG-0036_pos78,L,-5.256839,<unk>,-4.824092,1.5414861753596112,78,TXG-0036
260,TXG-0036_pos79,Y,-3.239727,H,-1.3805332,6.418560041864083,79,TXG-0036
261,TXG-0036_pos188,A,-20.477318,R,-3.0919042,35513156.80462679,188,TXG-0036
262,TXG-0037_pos2,Q,-6.5772347,H,-5.1640105,4.109182896066001,2,TXG-0037
263,TXG-0037_pos52,Y,-4.2401924,H,-2.183679,7.818661685895084,52,TXG-0037
264,TXG-0037_pos57,N,-4.659068,H,-4.3200436,1.40357759208816,57,TXG-0037
265,TXG-0037_pos105,Y,-20.696655,H,-7.1762905,744422.8506390386,105,TXG-0037
266,TXG-0037_pos109,G,-7.801027,H,-3.0950923,110.60161597864672,109,TXG-0037
267,TXG-0038_pos105,N,-20.555859,<mask>,-8.010326,280837.92428238946,105,TXG-0038
268,TXG-0039_pos2,Q,-6.388903,H,-3.989706,11.01432832297854,2,TXG-0039
269,TXG-0039_pos30,S,-7.864436,<mask>,-6.892551,2.642921674211275,30,TXG-0039
270,TXG-0039_pos56,S,-7.981635,<mask>,-7.086268,2.4482341265318137,56,TXG-0039
271,TXG-0039_pos57,T,-6.59081,<pad>,-4.5415297,7.76231255916048,57,TXG-0039
272,TXG-0039_pos62,S,-6.693026,<mask>,-5.12484,4.797936837540569,62,TXG-0039
273,TXG-0039_pos101,V,-9.52608,<mask>,-5.6167135,49.86735099799851,101,TXG-0039
274,TXG-0039_pos102,V,-8.185841,<mask>,-5.2503834,18.830117825910214,102,TXG-0039
275,TXG-0039_pos104,I,-21.98526,<mask>,-7.282326,2428863.474643054,104,TXG-0039
276,TXG-0039_pos107,D,-16.666136,<mask>,-7.1202707,13986.74395940841,107,TXG-0039
277,TXG-0039_pos108,Y,-9.242931,H,-4.410273,125.54421408579348,108,TXG-0039
278,TXG-0039_pos154,S,-22.50196,A,-0.52184474,3514331854.2452283,154,TXG-0039
279,TXG-0040_pos2,Q,-6.388903,H,-3.989706,11.01432832297854,2,TXG-0040
280,TXG-0040_pos30,S,-7.864436,<mask>,-6.892551,2.642921674211275,30,TXG-0040
281,TXG-0040_pos56,S,-7.981635,<mask>,-7.086268,2.4482341265318137,56,TXG-0040
282,TXG-0040_pos57,T,-6.59081,<pad>,-4.5415297,7.76231255916048,57,TXG-0040
283,TXG-0040_pos62,S,-6.693026,<mask>,-5.12484,4.797936837540569,62,TXG-0040
284,TXG-0040_pos101,V,-9.52608,<mask>,-5.6167135,49.86735099799851,101,TXG-0040
285,TXG-0040_pos102,V,-8.185841,<mask>,-5.2503834,18.830117825910214,102,TXG-0040
286,TXG-0040_pos104,I,-21.98526,<mask>,-7.282326,2428863.474643054,104,TXG-0040
287,TXG-0040_pos107,D,-16.666136,<mask>,-7.1202707,13986.74395940841,107,TXG-0040
288,TXG-0040_pos108,Y,-9.242931,H,-4.410273,125.54421408579348,108,TXG-0040
289,TXG-0040_pos154,S,-22.50196,A,-0.52184474,3514331854.2452283,154,TXG-0040
290,TXG-0041_pos2,Q,-6.388903,H,-3.989706,11.01432832297854,2,TXG-0041
291,TXG-0041_pos30,S,-7.864436,<mask>,-6.892551,2.642921674211275,30,TXG-0041
292,TXG-0041_pos56,S,-7.981635,<mask>,-7.086268,2.4482341265318137,56,TXG-0041
293,TXG-0041_pos57,T,-6.59081,<pad>,-4.5415297,7.76231255916048,57,TXG-0041
294,TXG-0041_pos62,S,-6.693026,<mask>,-5.12484,4.797936837540569,62,TXG-0041
295,TXG-0041_pos101,V,-9.52608,<mask>,-5.6167135,49.86735099799851,101,TXG-0041
296,TXG-0041_pos102,V,-8.185841,<mask>,-5.2503834,18.830117825910214,102,TXG-0041
297,TXG-0041_pos104,I,-21.98526,<mask>,-7.282326,2428863.474643054,104,TXG-0041
298,TXG-0041_pos107,D,-16.666136,<mask>,-7.1202707,13986.74395940841,107,TXG-0041
299,TXG-0041_pos108,Y,-9.242931,H,-4.410273,125.54421408579348,108,TXG-0041
300,TXG-0041_pos154,S,-22.50196,A,-0.52184474,3514331854.2452283,154,TXG-0041
301,TXG-0043_pos80,L,-5.3766146,<unk>,-4.488407,2.430768834234647,80,TXG-0043
302,TXG-0043_pos105,Y,-20.256329,<mask>,-7.306406,420804.2330985996,105,TXG-0043
303,TXG-0043_pos106,Y,-20.79091,<pad>,-6.634922,1405618.5317563384,106,TXG-0043
304,TXG-0044_pos102,Y,-15.921617,H,-4.264565,115503.02510658476,102,TXG-0044
305,TXG-0044_pos105,S,-12.8531,<mask>,-6.39823,635.7910680412526,105,TXG-0044
306,TXG-0044_pos159,S,-23.084301,A,-1.0759722,3614895554.9147873,159,TXG-0044
307,TXG-0045_pos49,Y,-3.7561207,H,-1.9524007,6.072194063654417,49,TXG-0045
308,TXG-0045_pos101,G,-18.23967,H,-6.9689684,78488.04506442975,101,TXG-0045
309,TXG-0045_pos102,Y,-15.921617,H,-4.264565,115503.02510658476,102,TXG-0045
310,TXG-0045_pos105,S,-12.8531,<mask>,-6.39823,635.7910680412526,105,TXG-0045
311,TXG-0045_pos159,S,-23.084301,A,-1.0759722,3614895554.9147873,159,TXG-0045
312,TXG-0046_pos30,S,-9.093973,<mask>,-7.3979588,5.452172755712442,30,TXG-0046
313,TXG-0046_pos52,Y,-7.2252655,</s>,-3.9375484,26.781653976830214,52,TXG-0046
314,TXG-0046_pos68,T,-7.1793995,</s>,-5.865012,3.722470273811928,68,TXG-0046
315,TXG-0047_pos30,S,-9.093973,<mask>,-7.3979588,5.452172755712442,30,TXG-0047
316,TXG-0047_pos52,Y,-7.2252655,</s>,-3.9375484,26.781653976830214,52,TXG-0047
317,TXG-0047_pos58,Y,-5.5701976,</s>,-3.0833957,12.022764568006025,58,TXG-0047
318,TXG-0048_pos30,S,-7.8120265,<mask>,-6.791665,2.774197455096973,30,TXG-0048
319,TXG-0048_pos32,A,-12.730534,<s>,-8.707506,55.87002438887734,32,TXG-0048
320,TXG-0048_pos52,Y,-6.433878,</s>,-4.154971,9.766000335564955,52,TXG-0048
321,TXG-0048_pos58,Y,-6.016129,</s>,-2.4085312,36.87735953490012,58,TXG-0048
322,TXG-0048_pos61,D,-7.128629,<unk>,-4.062109,21.46706714304301,61,TXG-0048
323,TXG-0048_pos102,F,-7.5730743,<unk>,-3.9407804,37.79942534512265,102,TXG-0048
324,TXG-0048_pos106,Y,-17.176973,<mask>,-8.277794,7325.956459229633,106,TXG-0048
325,TXG-0048_pos107,Y,-23.356102,<mask>,-7.262379,9759219.63731935,107,TXG-0048
326,TXG-0048_pos112,Y,-26.918465,<mask>,-7.572155,252345566.0600537,112,TXG-0048
327,TXG-0049_pos56,S,-8.582049,<mask>,-7.2579813,3.7586795040997742,56,TXG-0049
328,TXG-0049_pos57,T,-6.510443,<pad>,-4.535586,7.2055891808905415,57,TXG-0049
329,TXG-0049_pos106,A,-8.880697,H,-5.825064,21.234622789795576,106,TXG-0049
330,TXG-0049_pos113,Q,-18.105625,<mask>,-7.2201204,53396.72000849918,113,TXG-0049
331,TXG-0049_pos156,S,-22.403675,A,-1.8145505,874466461.4492924,156,TXG-0049
332,TXG-0050_pos98,D,-17.512672,<mask>,-7.5348268,21543.83983191186,98,TXG-0050
333,TXG-0050_pos103,C,-31.177277,<mask>,-6.6509933,44836290309.32038,103,TXG-0050
334,TXG-0051_pos28,F,-5.310512,<unk>,-4.560893,2.116193593239753,28,TXG-0051
335,TXG-0051_pos30,D,-11.573594,<unk>,-5.363818,497.5897786919152,30,TXG-0051
336,TXG-0051_pos58,T,-5.988772,<pad>,-5.012841,2.653636596976848,58,TXG-0051
337,TXG-0051_pos64,S,-8.41743,<pad>,-6.62177,6.023448886453713,64,TXG-0051
338,TXG-0051_pos80,L,-7.199583,</s>,-5.781084,4.130915280607905,80,TXG-0051
339,TXG-0051_pos83,Q,-7.272933,<mask>,-6.378749,2.445339578023143,83,TXG-0051
340,TXG-0051_pos102,N,-20.284882,<mask>,-7.4213758,385966.6323417819,102,TXG-0051
341,TXG-0051_pos105,F,-23.249575,<mask>,-6.9403887,12105691.840440964,105,TXG-0051
342,TXG-0052_pos30,S,-7.9153914,<mask>,-7.196787,2.051568043433833,30,TXG-0052
343,TXG-0052_pos55,S,-8.458997,<mask>,-7.2175756,3.4605287662186703,55,TXG-0052
344,TXG-0052_pos94,Y,-2.4595048,H,-0.96185374,4.471174205840753,94,TXG-0052
345,TXG-0052_pos97,R,-19.446838,<mask>,-8.026527,91154.486503676,97,TXG-0052
346,TXG-0052_pos99,M,-20.180283,<pad>,-7.510692,317931.4269541416,99,TXG-0052
347,TXG-0052_pos100,V,-11.50944,<pad>,-4.4344187,1182.0686785992991,100,TXG-0052
348,TXG-0052_pos152,S,-21.867117,A,-1.0721699,1074312866.2840617,152,TXG-0052
349,TXG-0053_pos27,T,-6.77709,<pad>,-5.732682,2.841715729881872,27,TXG-0053
350,TXG-0053_pos29,S,-6.777688,<mask>,-6.7079062,1.0722741854989324,29,TXG-0053
351,TXG-0053_pos55,S,-7.8128166,<mask>,-7.1379576,1.963756066842787,55,TXG-0053
352,TXG-0053_pos79,Y,-4.7877407,</s>,-3.9694316,2.2666638933700725,79,TXG-0053
353,TXG-0053_pos92,V,-7.234627,<s>,-7.202029,1.0331351354262917,92,TXG-0053
354,TXG-0053_pos100,T,-21.191477,<mask>,-7.0508738,1384158.8713367374,100,TXG-0053
355,TXG-0053_pos102,Y,-19.880587,<mask>,-7.3980284,263697.68674372433,102,TXG-0053
356,TXG-0053_pos103,F,-19.89749,<mask>,-6.5451217,629303.1027618442,103,TXG-0053
357,TXG-0053_pos105,Y,-21.059004,<s>,-7.2746253,969347.7484280814,105,TXG-0053
358,TXG-0054_pos100,T,-21.484749,<mask>,-7.2003627,1598196.3977851204,100,TXG-0054
359,TXG-0054_pos102,Y,-20.269659,<mask>,-7.429838,376932.3472267167,102,TXG-0054
360,TXG-0054_pos103,F,-19.452684,<mask>,-6.518494,414235.52830939903,103,TXG-0054
361,TXG-0055_pos19,L,-8.017364,<s>,-5.5402308,11.907080224051429,19,TXG-0055
362,TXG-0055_pos55,S,-8.083032,<mask>,-7.31375,2.158216098187152,55,TXG-0055
363,TXG-0055_pos82,S,-8.721858,<mask>,-7.8707175,2.342316741375668,82,TXG-0055
364,TXG-0055_pos101,I,-8.968344,<s>,-5.8130527,23.4598699562942,101,TXG-0055
365,TXG-0055_pos102,L,-9.601795,<pad>,-4.3309727,194.5758964391609,102,TXG-0055
366,TXG-0055_pos105,Y,-8.109453,<mask>,-6.8683767,3.459334743781871,105,TXG-0055
367,TXG-0055_pos106,Y,-14.606776,<mask>,-7.373005,1385.4371491837494,106,TXG-0055
368,TXG-0055_pos122,T,-9.984636,<pad>,-5.270395,111.5241322257531,122,TXG-0055
369,TXG-0056_pos33,Y,-2.7583642,H,-1.5509331,3.3448809415931287,33,TXG-0056
370,TXG-0056_pos107,N,-24.670599,<mask>,-7.9270725,18690510.628395934,107,TXG-0056
371,TXG-0057_pos101,Y,-15.889153,<s>,-6.9332857,7753.249307778731,101,TXG-0057
372,TXG-0057_pos104,G,-15.808243,N,-4.5700994,75973.78305853135,104,TXG-0057
373,TXG-0057_pos108,Y,-18.163559,<s>,-6.6207123,103037.3373429172,108,TXG-0057
374,TXG-0057_pos114,Y,-19.944464,<pad>,-5.7732415,1427196.3737635962,114,TXG-0057
375,TXG-0058_pos112,Y,-15.376143,<mask>,-7.0185747,4262.317476873065,112,TXG-0058
376,TXG-0058_pos113,T,-13.136893,<mask>,-6.4347544,814.1450954040153,113,TXG-0058
377,TXG-0058_pos119,Y,-16.715002,<mask>,-5.5883713,67957.01826700564,119,TXG-0058
378,TXG-0058_pos122,Y,-6.5872374,<pad>,-3.2233334,28.90180355735344,122,TXG-0058
379,TXG-0058_pos211,T,-14.154543,G,-1.6301775,274955.76248009247,211,TXG-0058
380,TXG-0059_pos32,S,-9.327829,<mask>,-7.398416,6.8854672857930925,32,TXG-0059
381,TXG-0059_pos69,T,-5.2547255,<pad>,-4.819348,1.5455463926033928,69,TXG-0059
382,TXG-0059_pos95,Y,-5.6283393,H,-2.0488582,35.854930895486724,95,TXG-0059
383,TXG-0060_pos4,Q,-6.9279017,<mask>,-5.577302,3.859739522568842,4,TXG-0060
384,TXG-0060_pos29,S,-7.253244,<mask>,-6.747985,1.6574147352915711,29,TXG-0060
385,TXG-0060_pos51,S,-8.364236,<mask>,-7.5902405,2.1684128621108125,51,TXG-0060
386,TXG-0060_pos53,Y,-5.4133363,</s>,-5.375745,1.0383067901643968,53,TXG-0060
387,TXG-0060_pos71,S,-8.737949,<mask>,-6.4750757,9.610663853069283,71,TXG-0060
388,TXG-0060_pos102,E,-16.738314,<mask>,-7.439719,10922.662082085044,102,TXG-0060
389,TXG-0060_pos103,R,-19.361372,<mask>,-6.7334623,304952.0103210083,103,TXG-0060
390,TXG-0062_pos32,S,-10.001707,<mask>,-7.9113755,8.087595757965873,32,TXG-0062
391,TXG-0062_pos51,S,-8.012615,H,-7.8692703,1.1541275608785069,51,TXG-0062
392,TXG-0062_pos54,Y,-1.4530611,H,-1.3885772,1.0666084057110783,54,TXG-0062
393,TXG-0062_pos57,S,-8.5233135,<mask>,-7.7888203,2.084425338010092,57,TXG-0062
394,TXG-0062_pos82,K,-7.075405,<s>,-6.0585103,2.764596519237759,82,TXG-0062
395,TXG-0062_pos100,I,-18.527853,H,-6.9460607,107129.35408768716,100,TXG-0062
396,TXG-0062_pos101,T,-13.200552,<mask>,-7.667317,252.96091737092792,101,TXG-0062
397,TXG-0062_pos102,I,-9.513766,H,-6.5590897,19.19550812807469,102,TXG-0062
398,TXG-0062_pos108,D,-16.618122,H,-4.372303,208109.3621339512,108,TXG-0062
399,TXG-0062_pos158,S,-24.484198,A,-1.526491,9341260151.994038,158,TXG-0062
400,TXG-0063_pos57,S,-7.8380227,<mask>,-7.809828,1.0285959325547045,57,TXG-0063
401,TXG-0063_pos58,T,-6.845218,<pad>,-6.1501055,2.003934503892192,58,TXG-0063
402,TXG-0063_pos60,Y,-4.4669585,H,-1.8371253,13.87145595029917,60,TXG-0063
403,TXG-0063_pos84,S,-7.7984676,<mask>,-7.487152,1.3652200166403152,84,TXG-0063
404,TXG-0064_pos32,Y,-4.7695303,<pad>,-2.801686,7.155235310294094,32,TXG-0064
405,TXG-0064_pos112,Y,-19.205637,<mask>,-7.2332883,158316.06100363453,112,TXG-0064
406,TXG-0064_pos114,Y,-17.163984,<s>,-5.9347534,75299.63752263709,114,TXG-0064
407,TXG-0064_pos124,T,-19.445988,<mask>,-6.3103437,506684.7528845955,124,TXG-0064
408,TXG-0065_pos51,S,-8.375633,<mask>,-7.2501087,3.0818322300470777,51,TXG-0065
409,TXG-0065_pos57,S,-9.738106,<mask>,-7.881079,6.404667362729485,57,TXG-0065
410,TXG-0065_pos60,Y,-5.2091193,</s>,-4.8971815,1.3660697208502357,60,TXG-0065
411,TXG-0065_pos71,S,-8.546441,<mask>,-5.9399548,13.551350361019054,71,TXG-0065
412,TXG-0065_pos99,H,-18.158224,<mask>,-7.2738743,53335.08773296928,99,TXG-0065
413,TXG-0065_pos104,Y,-16.840595,<mask>,-7.6180234,10123.06335399408,104,TXG-0065
414,TXG-0065_pos107,D,-16.066168,<mask>,-7.4439354,5553.771913751642,107,TXG-0065
415,TXG-0065_pos111,I,-7.3915963,<s>,-5.143832,9.466547799221932,111,TXG-0065
416,TXG-0066_pos31,L,-5.773694,<mask>,-5.2531214,1.6829910545275828,31,TXG-0066
417,TXG-0066_pos51,D,-5.482444,<pad>,-3.0111454,11.837809453906646,51,TXG-0066
418,TXG-0067_pos80,K,-7.4785457,<s>,-5.37523,8.193291420691473,80,TXG-0067
419,TXG-0067_pos100,T,-14.61325,<mask>,-6.402534,3680.176529554171,100,TXG-0067
420,TXG-0067_pos107,D,-9.731338,<mask>,-7.0686836,14.334287577731592,107,TXG-0067
421,TXG-0067_pos157,S,-22.62012,A,-2.6948266,450240931.1466745,157,TXG-0067
422,TXG-0069_pos30,S,-7.2792926,<mask>,-7.14202,1.1471408164883927,30,TXG-0069
423,TXG-0069_pos33,M,-6.1591496,<s>,-4.6106396,4.704455319389575,33,TXG-0069
424,TXG-0069_pos66,R,-6.9233766,</s>,-3.895083,20.66194494767742,66,TXG-0069
425,TXG-0069_pos109,Y,-20.554607,<mask>,-6.875763,872261.026139182,109,TXG-0069
426,TXG-0069_pos111,Y,-20.233856,<s>,-7.685461,281642.8336976373,111,TXG-0069
427,TXG-0069_pos112,Y,-13.25556,<mask>,-7.5184207,310.1758206221077,112,TXG-0069
428,TXG-0069_pos113,Y,-8.501061,</s>,-6.4802227,7.544646960961323,113,TXG-0069
429,TXG-0070_pos27,T,-7.5277762,<pad>,-5.4447107,8.029044262372754,27,TXG-0070
430,TXG-0070_pos87,A,-7.7808228,<mask>,-7.2566385,1.6890805033309215,87,TXG-0070
431,TXG-0070_pos97,K,-18.75765,<mask>,-7.8630896,53882.46611578672,97,TXG-0070
432,TXG-0070_pos103,S,-9.38459,<mask>,-6.125704,26.020534115826813,103,TXG-0070
433,TXG-0070_pos106,S,-9.738384,<mask>,-7.141182,13.426119149343362,106,TXG-0070
434,TXG-0071_pos38,Q,-3.4201188,H,-3.100566,1.3765120504836243,38,TXG-0071
435,TXG-0071_pos52,A,-5.785794,<mask>,-5.014717,2.162093575077797,52,TXG-0071
436,TXG-0071_pos57,T,-4.458313,<pad>,-4.368142,1.0943614035060116,57,TXG-0071
437,TXG-0071_pos60,A,-7.841298,<mask>,-6.2418413,4.950342172751975,60,TXG-0071
438,TXG-0071_pos63,L,-7.74481,<mask>,-4.2034264,34.51464062632597,63,TXG-0071
439,TXG-0071_pos72,D,-4.8133287,H,-4.1612315,1.91956231669853,72,TXG-0071
440,TXG-0071_pos113,Y,-12.831631,H,-4.107275,6150.914199017753,113,TXG-0071
441,TXG-0072_pos4,Q,-5.7826815,<mask>,-5.3228655,1.5837825421948026,4,TXG-0072
442,TXG-0072_pos27,S,-5.754754,<mask>,-5.2687407,1.6258216194950854,27,TXG-0072
443,TXG-0072_pos31,S,-7.510674,<mask>,-7.401349,1.1155248370062012,31,TXG-0072
444,TXG-0072_pos54,Y,-3.4373078,H,-0.86549133,13.089579687871655,54,TXG-0072
445,TXG-0072_pos57,S,-8.482427,<mask>,-7.6751533,2.2417878615716917,57,TXG-0072
446,TXG-0072_pos78,Q,-6.33648,H,-2.615241,41.315552378915285,78,TXG-0072
447,TXG-0072_pos84,S,-7.9397173,<mask>,-7.4498863,1.6320403818231846,84,TXG-0072
448,TXG-0072_pos101,V,-12.66904,<mask>,-5.455719,1357.3926914120425,101,TXG-0072
449,TXG-0072_pos102,V,-12.578525,<pad>,-4.764211,2475.7879797782703,102,TXG-0072
450,TXG-0072_pos103,I,-17.656595,<mask>,-6.0859385,105943.00078256114,103,TXG-0072
451,TXG-0072_pos104,I,-19.18201,<mask>,-6.3764205,364247.73289412784,104,TXG-0072
452,TXG-0072_pos175,K,-24.672796,P,-1.1888376,15810789125.760412,175,TXG-0072
453,TXG-0073_pos4,Q,-7.4456453,<mask>,-6.3064413,3.1242804478899147,4,TXG-0073
454,TXG-0073_pos19,L,-8.068451,<s>,-6.209185,6.419023478628972,19,TXG-0073
455,TXG-0073_pos80,K,-6.1883783,</s>,-5.7045302,1.6223051987754014,80,TXG-0073
456,TXG-0073_pos93,Y,-3.1961515,<pad>,-2.6814113,1.6732037469918564,93,TXG-0073
457,TXG-0073_pos100,V,-10.822446,<mask>,-5.3709116,233.11558417860297,100,TXG-0073
458,TXG-0074_pos33,M,-5.4080677,<s>,-3.9844093,4.152283400845915,33,TXG-0074
459,TXG-0074_pos87,S,-5.425331,<mask>,-5.2094536,1.2409502291759813,87,TXG-0074
460,TXG-0074_pos108,W,-20.26367,<mask>,-7.0896463,526508.9976690605,108,TXG-0074
461,TXG-0075_pos103,Y,-14.906154,<mask>,-7.617946,1462.9467462768098,103,TXG-0075
462,TXG-0075_pos125,T,-7.6319947,</s>,-7.4559417,1.1925012595425863,125,TXG-0075
463,TXG-0076_pos29,T,-6.08794,<pad>,-6.0786266,1.0093569046636717,29,TXG-0076
464,TXG-0076_pos33,M,-6.5797186,<s>,-4.573864,7.432442949165666,33,TXG-0076
465,TXG-0076_pos94,Y,-5.4944496,</s>,-4.730109,2.14757779486226,94,TXG-0076
466,TXG-0076_pos102,V,-8.803598,<mask>,-6.666113,8.478088401156555,102,TXG-0076
467,TXG-0076_pos104,A,-8.225837,<mask>,-7.153952,2.9208801730901013,104,TXG-0076
468,TXG-0076_pos105,T,-14.573523,<mask>,-6.612634,2866.6202454651925,105,TXG-0076
469,TXG-0076_pos109,Y,-13.860989,<mask>,-7.4767776,592.4173680045981,109,TXG-0076
470,TXG-0076_pos111,Y,-6.7214565,</s>,-4.9751205,5.733556392138236,111,TXG-0076
471,TXG-0076_pos114,M,-7.234747,<pad>,-1.7621579,238.0757975335136,114,TXG-0076
472,TXG-0076_pos115,D,-6.341902,<pad>,-1.5113065,125.28554598741374,115,TXG-0076
473,TXG-0077_pos29,S,-6.8310304,<mask>,-6.0178986,2.254959020359646,29,TXG-0077
474,TXG-0077_pos34,S,-6.6843204,<mask>,-6.1548777,1.697985757423946,34,TXG-0077
475,TXG-0077_pos55,G,-7.2867084,<mask>,-6.4380865,2.336424805260539,55,TXG-0077
476,TXG-0077_pos62,K,-7.062967,<s>,-6.4055643,1.929773618648444,62,TXG-0077
477,TXG-0077_pos87,S,-7.808671,<mask>,-5.164976,14.065078174305546,87,TXG-0077
478,TXG-0077_pos101,Q,-22.429834,<mask>,-7.7920938,2275567.887281086,101,TXG-0077
479,TXG-0077_pos108,Y,-26.659367,<mask>,-7.672908,176081761.6570812,108,TXG-0077
480,TXG-0077_pos109,Y,-26.191502,<mask>,-6.9496727,227310913.20255956,109,TXG-0077
481,TXG-0078_pos3,L,-9.746422,<mask>,-3.9063134,343.8166771286961,3,TXG-0078
482,TXG-0078_pos33,M,-6.2704873,<s>,-4.3219514,7.018404408735418,33,TXG-0078
483,TXG-0078_pos55,G,-6.120737,<mask>,-4.8108525,3.705745673866128,55,TXG-0078
484,TXG-0078_pos68,T,-7.293497,<pad>,-4.593844,14.874569353687509,68,TXG-0078
485,TXG-0078_pos102,A,-8.942866,<mask>,-7.592131,3.860261780656213,102,TXG-0078
486,TXG-0078_pos103,A,-10.389759,<pad>,-6.8650656,33.94336498498149,103,TXG-0078
487,TXG-0078_pos104,A,-9.100187,<s>,-8.030777,2.9136599333940327,104,TXG-0078
488,TXG-0079_pos33,M,-10.294921,<unk>,-4.730653,260.9341300021616,33,TXG-0079
489,TXG-0079_pos53,D,-7.103085,</s>,-5.7156296,4.004646852586699,53,TXG-0079
490,TXG-0079_pos57,K,-5.563015,<mask>,-5.40622,1.1697557893829165,57,TXG-0079
491,TXG-0079_pos62,S,-9.064671,<mask>,-7.0248275,7.689405712714628,62,TXG-0079
492,TXG-0079_pos64,K,-6.283025,<unk>,-5.65155,1.88038209836161,64,TXG-0079
493,TXG-0079_pos81,Q,-7.254244,<mask>,-6.9509163,1.35435821491683,81,TXG-0079
494,TXG-0079_pos105,G,-8.381352,<s>,-5.7820177,13.454778207201352,105,TXG-0079
495,TXG-0079_pos209,L,-23.108505,T,-4.1588373,169721208.69949982,209,TXG-0079
496,TXG-0080_pos2,Q,-5.468964,H,-2.6149778,17.356831928838833,2,TXG-0080
497,TXG-0080_pos30,S,-6.143276,<mask>,-5.8206873,1.3806973532835205,30,TXG-0080
498,TXG-0080_pos52,P,-4.0845714,</s>,-3.9686916,1.1228608961416435,52,TXG-0080
499,TXG-0080_pos113,W,-19.514954,<s>,-7.6366105,144111.6319350318,113,TXG-0080
500,TXG-0081_pos31,Y,-3.2331414,H,-1.6365578,4.936139756905651,31,TXG-0081
501,TXG-0081_pos57,A,-6.074689,<mask>,-5.104863,2.6374854969491133,57,TXG-0081
502,TXG-0081_pos86,R,-6.1812935,</s>,-4.460435,5.589324840512545,86,TXG-0081
503,TXG-0081_pos113,W,-20.898294,<s>,-7.646142,569293.8430884215,113,TXG-0081
504,TXG-0081_pos162,S,-23.647684,A,-0.6431326,9789257030.937971,162,TXG-0081
505,TXG-0082_pos22,T,-5.576805,<pad>,-3.3593428,9.183994126124778,22,TXG-0082
506,TXG-0082_pos104,S,-13.159248,<mask>,-7.007905,469.347297122981,104,TXG-0082
507,TXG-0084_pos51,N,-7.389934,<s>,-7.1213627,1.308094240825053,51,TXG-0084
508,TXG-0084_pos53,D,-6.97759,<s>,-4.902176,7.967844463908717,53,TXG-0084
509,TXG-0084_pos96,A,-9.739244,<s>,-7.044773,14.797688705097563,96,TXG-0084
510,TXG-0084_pos103,S,-9.638161,<mask>,-6.06964,35.46410293643962,103,TXG-0084
511,TXG-0084_pos104,S,-12.70775,<mask>,-7.223645,240.8333017074688,104,TXG-0084
512,TXG-0084_pos105,T,-16.019138,<mask>,-6.4783735,13915.58202151848,105,TXG-0084
513,TXG-0084_pos107,Y,-16.216528,<mask>,-5.8367205,32202.761863092182,107,TXG-0084
514,TXG-0084_pos108,Y,-16.676392,<pad>,-5.9347477,46242.02520161715,108,TXG-0084
515,TXG-0084_pos109,Y,-17.517023,<pad>,-4.523633,439498.6832127829,109,TXG-0084
516,TXG-0084_pos156,S,-19.5649,I,-1.6300609,61517921.69500061,156,TXG-0084
517,TXG-0084_pos161,S,-15.496581,T,-4.517269,58648.19043602928,161,TXG-0084
518,TXG-0085_pos54,T,-7.8992286,<pad>,-6.9004087,2.71507587611752,54,TXG-0085
519,TXG-0085_pos55,D,-10.94586,<unk>,-6.2223024,112.56801311575374,55,TXG-0085
520,TXG-0085_pos89,T,-7.8510857,<s>,-7.6639323,1.2058122424613218,89,TXG-0085
521,TXG-0085_pos115,H,-5.41015,<pad>,-4.577733,2.2988683957163083,115,TXG-0085
522,TXG-0085_pos124,V,-14.6345825,<unk>,-5.8642387,6440.386288591166,124,TXG-0085
523,TXG-0085_pos223,Y,-18.35136,<unk>,-5.3021545,464727.0393221768,223,TXG-0085
524,TXG-0086_pos30,S,-8.407572,<mask>,-7.202608,3.336638956902799,30,TXG-0086
525,TXG-0086_pos33,M,-7.456955,<pad>,-3.7898498,39.13844374751525,33,TXG-0086
526,TXG-0086_pos58,S,-8.316693,<mask>,-6.7393703,4.841975022530599,58,TXG-0086
527,TXG-0086_pos94,Y,-4.9992695,</s>,-4.013115,2.680905203516477,94,TXG-0086
528,TXG-0086_pos108,Y,-17.571491,<mask>,-7.5311685,22932.7775449253,108,TXG-0086
529,TXG-0087_pos2,Q,-9.426557,<mask>,-6.743416,14.63097709670869,2,TXG-0087
530,TXG-0087_pos31,Y,-5.682448,</s>,-4.60351,2.941553961364188,31,TXG-0087
531,TXG-0087_pos32,Y,-5.937883,</s>,-4.3175898,5.054572099863499,32,TXG-0087
532,TXG-0087_pos55,S,-7.7156982,<mask>,-7.4831657,1.2617914539148625,55,TXG-0087
533,TXG-0087_pos60,P,-6.485282,</s>,-4.89258,4.917016774719276,60,TXG-0087
534,TXG-0087_pos70,V,-6.9748864,<mask>,-6.453014,1.6851800286063274,70,TXG-0087
535,TXG-0087_pos82,S,-8.602824,<mask>,-7.9909763,1.8438351074250432,82,TXG-0087
536,TXG-0087_pos96,R,-12.839052,<mask>,-8.110118,113.17485362837483,96,TXG-0087
537,TXG-0087_pos100,T,-19.057854,<mask>,-7.831726,75066.374914661,100,TXG-0087
538,TXG-0087_pos101,F,-17.861298,<mask>,-7.4867687,32033.237031979672,101,TXG-0087
539,TXG-0087_pos102,G,-14.4305525,<mask>,-6.7727847,2117.026523773644,102,TXG-0087
540,TXG-0087_pos103,G,-11.93291,<mask>,-6.0202117,369.7023786786779,103,TXG-0087
541,TXG-0087_pos155,S,-27.850935,Q,-5.0860763,7702869047.669409,155,TXG-0087
542,TXG-0087_pos202,T,-21.758652,G,-4.159094,43993744.0019551,202,TXG-0087
543,TXG-0088_pos30,S,-10.588612,<mask>,-7.3230953,26.19364174954237,30,TXG-0088
544,TXG-0088_pos32,A,-8.333036,<pad>,-5.3140497,20.4705301865556,32,TXG-0088
545,TXG-0088_pos55,S,-9.515754,<mask>,-7.6926317,6.191158958831504,55,TXG-0088
546,TXG-0088_pos58,Y,-5.7956867,</s>,-3.6419606,8.616906107459544,58,TXG-0088
547,TXG-0088_pos59,Y,-5.492116,</s>,-5.1102543,1.4650094603134152,59,TXG-0088
548,TXG-0088_pos75,K,-7.1724057,<s>,-5.4372187,5.669987992428838,75,TXG-0088
549,TXG-0088_pos87,A,-7.692759,<mask>,-7.6570883,1.0363145319212024,87,TXG-0088
550,TXG-0088_pos102,D,-19.292614,<mask>,-8.749397,37919.35701994041,102,TXG-0088
551,TXG-0088_pos105,N,-17.984379,<s>,-8.255705,16792.270999870874,105,TXG-0088
552,TXG-0089_pos106,G,-12.67183,<mask>,-7.135249,253.80874222042385,106,TXG-0089
553,TXG-0090_pos11,L,-7.2463155,<unk>,-4.2128563,20.768952431484585,11,TXG-0090
554,TXG-0090_pos42,K,-1.8040394,M,-1.2303429,1.7748155463885475,42,TXG-0090
555,TXG-0090_pos50,I,-1.969397,M,-0.75538164,3.36697717121491,50,TXG-0090
556,TXG-0090_pos68,I,-2.746607,M,-0.43661216,10.074372671116484,68,TXG-0090
557,TXG-0090_pos80,K,-5.3339825,M,-2.6736658,14.300817450461809,80,TXG-0090
558,TXG-0090_pos81,L,-5.783101,M,-1.4201373,78.48940911861581,81,TXG-0090
559,TXG-0090_pos97,S,-19.035837,M,-7.575053,94919.45795617024,97,TXG-0090
560,TXG-0090_pos109,G,-16.480389,<mask>,-6.64793,18628.705938158928,109,TXG-0090
561,TXG-0091_pos33,M,-3.54734,<pad>,-3.5161285,1.0317036861425548,33,TXG-0091
562,TXG-0091_pos87,A,-6.711753,<mask>,-6.575842,1.1455799324436706,87,TXG-0091
563,TXG-0091_pos97,K,-17.985023,<s>,-7.4689827,36902.71114153656,97,TXG-0091
564,TXG-0091_pos107,W,-15.981178,<s>,-7.1606226,6772.024763535782,107,TXG-0091
565,TXG-0091_pos108,S,-16.200983,<mask>,-7.8929644,4056.2679268295674,108,TXG-0091
566,TXG-0091_pos110,D,-18.671347,<mask>,-7.114085,104533.40872381658,110,TXG-0091
567,TXG-0091_pos120,M,-5.277239,</s>,-4.9454403,1.393472314300827,120,TXG-0091
568,TXG-0092_pos109,T,-20.364395,<mask>,-7.4588413,402541.5901226905,109,TXG-0092
569,TXG-0093_pos2,Q,-7.9011965,H,-4.0357227,47.72587959838195,2,TXG-0093
570,TXG-0093_pos28,F,-5.0661583,<unk>,-4.706872,1.4323068123161862,28,TXG-0093
571,TXG-0093_pos30,N,-4.778177,H,-4.2130466,1.7596772296722984,30,TXG-0093
572,TXG-0093_pos81,Y,-3.7600765,H,-1.8619249,6.673547649413445,81,TXG-0093
573,TXG-0093_pos89,T,-7.5528526,<s>,-6.402191,3.1602830614647828,89,TXG-0093
574,TXG-0094_pos56,S,-8.780593,<mask>,-7.7591333,2.777245752255764,56,TXG-0094
575,TXG-0094_pos104,I,-16.771185,<mask>,-7.953698,6751.277329742491,104,TXG-0094
576,TXG-0094_pos108,G,-14.771227,<mask>,-7.341411,1685.497413308762,108,TXG-0094
577,TXG-0094_pos114,Y,-15.24877,</s>,-6.9030757,4212.006009459004,114,TXG-0094
578,TXG-0095_pos110,D,-19.997858,H,-6.155736,1026968.6883660472,110,TXG-0095
579,TXG-0096_pos108,Y,-20.185518,<s>,-7.7155924,260387.3476493564,108,TXG-0096
580,TXG-0097_pos125,S,-17.279667,<mask>,-6.602258,43365.045831688,125,TXG-0097
581,TXG-0098_pos100,Y,-21.871275,H,-5.0471754,20258795.44134965,100,TXG-0098
582,TXG-0099_pos32,G,-11.619755,<mask>,-7.674773,51.6754079463925,32,TXG-0099
583,TXG-0099_pos52,Y,-5.6751924,</s>,-4.854042,2.273113323534424,52,TXG-0099
584,TXG-0099_pos55,S,-8.441095,<mask>,-7.4014354,2.828254112775021,55,TXG-0099
585,TXG-0099_pos57,K,-5.8307056,<mask>,-5.7569523,1.0765411900223196,57,TXG-0099
586,TXG-0099_pos106,Y,-23.20335,<mask>,-7.0485764,10373588.846136875,106,TXG-0099
587,TXG-0099_pos116,Q,-22.148823,<mask>,-7.148405,3270384.1073614927,116,TXG-0099
588,TXG-0100_pos69,M,-3.9028373,<unk>,-3.4638636,1.5511144925401106,69,TXG-0100
589,TXG-0101_pos13,P,-4.8721876,</s>,-4.3504534,1.6849471528184612,13,TXG-0101
590,TXG-0101_pos27,T,-5.4146256,<pad>,-3.8931053,4.57918163570475,27,TXG-0101
591,TXG-0101_pos33,M,-3.695771,<pad>,-3.4380507,1.2939768426813645,33,TXG-0101
592,TXG-0101_pos96,R,-15.957723,<mask>,-7.8841443,3208.56379462826,96,TXG-0101
593,TXG-0101_pos100,D,-13.541399,<mask>,-6.8311024,820.8140567992979,100,TXG-0101
594,TXG-0101_pos103,G,-10.390362,<mask>,-6.7047715,39.86865794283845,103,TXG-0101
595,TXG-0101_pos104,Y,-18.946001,<mask>,-7.4624786,97102.4999416498,104,TXG-0101
596,TXG-0101_pos224,S,-14.532163,C,-0.42769468,1335035.338162691,224,TXG-0101
597,TXG-0102_pos97,R,-16.112038,<mask>,-7.739497,4326.616038083599,97,TXG-0102
598,TXG-0103_pos33,M,-7.0274696,<pad>,-2.7104168,74.96735858991597,33,TXG-0103
599,TXG-0103_pos98,E,-16.247923,<mask>,-7.546793,6009.6993420698345,98,TXG-0103
600,TXG-0103_pos109,N,-20.507668,<mask>,-7.9333563,289037.4952417998,109,TXG-0103
601,TXG-0104_pos29,T,-6.70516,<pad>,-4.062352,14.052607981313134,29,TXG-0104
602,TXG-0104_pos86,R,-5.469418,</s>,-4.6511135,2.266653466740145,86,TXG-0104
603,TXG-0104_pos159,S,-22.304111,A,-2.0981958,596097737.0953425,159,TXG-0104
604,TXG-0105_pos98,D,-18.402258,<s>,-7.309012,65725.74600939975,98,TXG-0105
605,TXG-0105_pos99,S,-18.292793,<mask>,-7.250786,62442.84891313306,99,TXG-0105
606,TXG-0106_pos19,L,-9.226235,<s>,-5.724965,33.15753529994522,19,TXG-0106
607,TXG-0106_pos55,S,-7.3664284,<mask>,-7.121581,1.2774263630675655,55,TXG-0106
608,TXG-0106_pos97,G,-15.37677,<mask>,-8.017751,1570.2953473792988,97,TXG-0106
609,TXG-0106_pos99,I,-18.633009,<mask>,-7.904933,45618.83689468043,99,TXG-0106
610,TXG-0106_pos104,T,-17.420982,<mask>,-6.5249934,53959.47603358535,104,TXG-0106
611,TXG-0107_pos51,Y,-3.3521934,H,-1.6302713,5.595272808981832,51,TXG-0107
612,TXG-0107_pos52,Y,-3.4366174,H,-1.2255948,9.12504289245024,52,TXG-0107
613,TXG-0107_pos96,R,-15.205164,<mask>,-7.2985725,2715.12018928101,96,TXG-0107
614,TXG-0107_pos102,Y,-11.160041,H,-4.1633406,1093.0206708185035,102,TXG-0107
615,TXG-0107_pos105,S,-11.069536,<mask>,-6.181505,132.69204602281425,105,TXG-0107
616,TXG-0107_pos159,S,-20.026081,A,-1.7253475,88696722.83682257,159,TXG-0107
617,TXG-0108_pos4,V,-6.3474774,<unk>,-6.2212377,1.1345540883070755,4,TXG-0108
618,TXG-0108_pos12,Q,-6.288113,<pad>,-5.9992037,1.3349706412001243,12,TXG-0108
619,TXG-0108_pos14,R,-15.157514,<pad>,-4.56507,39832.72143089049,14,TXG-0108
620,TXG-0108_pos15,G,-6.405971,<unk>,-5.1969633,3.35015864020224,15,TXG-0108
621,TXG-0108_pos22,A,-7.3076487,<mask>,-6.5593143,2.1134768762707794,22,TXG-0108
622,TXG-0108_pos23,A,-6.6203804,<unk>,-6.5731506,1.0483628951940969,23,TXG-0108
623,TXG-0108_pos32,E,-11.796635,H,-5.700469,444.151624163712,32,TXG-0108
624,TXG-0108_pos34,S,-9.771596,N,-6.517523,25.895598184623807,34,TXG-0108
625,TXG-0108_pos36,I,-16.093903,V,-6.2061725,19687.328806749538,36,TXG-0108
626,TXG-0108_pos50,I,-10.537687,<s>,-6.005595,92.95281511076402,50,TXG-0108
627,TXG-0108_pos51,S,-12.205647,H,-3.9339018,3911.769859292572,51,TXG-0108
628,TXG-0108_pos52,G,-7.0664415,<mask>,-5.9579797,3.0296945322493425,52,TXG-0108
629,TXG-0108_pos54,S,-11.057426,<mask>,-6.5930443,86.86730287849686,54,TXG-0108
630,TXG-0108_pos56,Y,-8.081611,</s>,-5.3796635,14.90873823833162,56,TXG-0108
631,TXG-0108_pos60,S,-9.658404,<mask>,-6.8524055,16.54358643286363,60,TXG-0108
632,TXG-0108_pos61,R,-24.84991,<pad>,-4.9512806,438394347.4830427,61,TXG-0108
633,TXG-0108_pos79,Q,-7.2785683,<mask>,-6.445097,2.301293370766889,79,TXG-0108
634,TXG-0108_pos82,N,-9.690045,<mask>,-7.095767,13.386918516206029,82,TXG-0108
635,TXG-0108_pos87,G,-13.56803,D,-0.26980102,596138.9044197919,87,TXG-0108
636,TXG-0108_pos90,V,-6.471922,<unk>,-6.319847,1.164247551724127,90,TXG-0108
637,TXG-0108_pos95,R,-10.947924,<mask>,-5.5793805,214.550147731128,95,TXG-0108
638,TXG-0108_pos96,Y,-14.631012,<mask>,-5.9862833,5680.126030855876,96,TXG-0108
639,TXG-0108_pos102,T,-14.495989,<pad>,-2.9601135,102321.54133423028,102,TXG-0108
640,TXG-0108_pos103,F,-16.27861,<mask>,-5.58548,44052.17474208305,103,TXG-0108
641,TXG-0108_pos108,Y,-10.781004,<mask>,-5.2344346,256.3565887334844,108,TXG-0108
642,TXG-0108_pos157,S,-15.36801,A,-3.2728753,178998.85712035076,157,TXG-0108
643,TXG-0108_pos186,A,-14.930315,R,-1.0843177,1030956.2215774184,186,TXG-0108
644,TXG-0109_pos53,Y,-6.525814,H,-2.0391564,88.82406362003822,53,TXG-0109
645,TXG-0109_pos93,V,-5.734902,M,-3.2610438,11.868148322104496,93,TXG-0109
646,TXG-0109_pos98,R,-15.960086,M,-7.024598,7596.842656339441,98,TXG-0109
647,TXG-0111_pos99,Y,-22.51224,<s>,-7.7085233,2686411.107466493,99,TXG-0111
648,TXG-0112_pos52,S,-7.941258,<mask>,-7.0156384,2.5234312941101176,52,TXG-0112
649,TXG-0112_pos55,S,-8.149497,<mask>,-7.4723935,1.9681686675234549,55,TXG-0112
650,TXG-0112_pos56,T,-7.7286286,<pad>,-4.2652817,31.923643155083067,56,TXG-0112
651,TXG-0112_pos61,D,-7.4684415,<unk>,-4.5553436,18.413754269283476,61,TXG-0112
652,TXG-0112_pos102,V,-20.956352,<mask>,-7.601165,631079.421696607,102,TXG-0112
653,TXG-0112_pos108,D,-27.467766,<mask>,-7.79004,351502014.3767016,108,TXG-0112
654,TXG-0112_pos110,F,-25.611526,<mask>,-7.663348,62344000.34254702,110,TXG-0112
655,TXG-0112_pos123,S,-20.840618,<mask>,-6.9892335,1036525.1760014616,123,TXG-0112
656,TXG-0113_pos61,D,-6.490298,<unk>,-3.74435,15.579376182393306,61,TXG-0113
657,TXG-0113_pos100,I,-22.016834,H,-7.8530245,1416655.6843798724,100,TXG-0113
658,TXG-0113_pos104,F,-19.54602,<mask>,-7.5740824,158250.990647084,104,TXG-0113
659,TXG-0113_pos120,T,-20.243423,H,-6.505125,925693.0692588516,120,TXG-0113
660,TXG-0114_pos31,Y,-4.5022163,H,-1.4537859,21.082227774679197,31,TXG-0114
661,TXG-0114_pos56,S,-7.57007,<mask>,-7.3391423,1.2597681549189654,56,TXG-0114
662,TXG-0114_pos102,S,-8.96352,<mask>,-6.6787114,9.823805767639511,102,TXG-0114
663,TXG-0115_pos27,T,-8.107716,<pad>,-5.666753,11.48409460260939,27,TXG-0115
664,TXG-0115_pos29,T,-9.482971,<pad>,-4.586668,133.794226963073,29,TXG-0115
665,TXG-0115_pos30,S,-9.423026,<mask>,-7.64789,5.901083629121828,30,TXG-0115
666,TXG-0115_pos44,L,-4.6513433,<mask>,-4.338622,1.3671404558821958,44,TXG-0115
667,TXG-0115_pos58,K,-6.095454,<s>,-5.993812,1.1069870993999351,58,TXG-0115
668,TXG-0115_pos104,R,-15.489522,<mask>,-8.400649,1198.5562662522148,104,TXG-0115
669,TXG-0115_pos105,E,-19.871466,<mask>,-9.207482,42786.76051694044,105,TXG-0115
670,TXG-0115_pos107,Y,-25.164192,<mask>,-8.100111,25753497.471843045,107,TXG-0115
671,TXG-0116_pos51,D,-7.6635585,<unk>,-3.8355834,45.96936057010743,51,TXG-0116
672,TXG-0116_pos104,G,-6.698604,<mask>,-6.3912144,1.3598706704924723,104,TXG-0116
673,TXG-0116_pos107,Y,-21.674757,<mask>,-7.958665,905363.6815273338,107,TXG-0116
674,TXG-0117_pos32,G,-6.2968435,<mask>,-5.84713,1.567862928408175,32,TXG-0117
675,TXG-0117_pos55,S,-6.8628845,<mask>,-6.017048,2.329925982719851,55,TXG-0117
676,TXG-0117_pos84,S,-9.611062,<mask>,-8.006351,4.976421209172375,84,TXG-0117
677,TXG-0117_pos106,T,-21.11653,<mask>,-7.8847795,557797.0692285915,106,TXG-0117
678,TXG-0119_pos29,T,-6.311815,<pad>,-4.5258884,5.965104653563009,29,TXG-0119
679,TXG-0119_pos102,L,-19.187195,<s>,-7.399892,131571.14356405957,102,TXG-0119
680,TXG-0119_pos103,T,-14.755994,<mask>,-7.437495,1507.9388539993026,103,TXG-0119
681,TXG-0119_pos104,G,-10.505929,<mask>,-5.636232,130.2814356403516,104,TXG-0119
682,TXG-0119_pos106,Y,-18.527811,<mask>,-7.1935186,83641.27522342069,106,TXG-0119
683,TXG-0119_pos107,N,-24.395939,<s>,-6.819041,43008055.78721993,107,TXG-0119
684,TXG-0119_pos108,N,-25.313633,<mask>,-7.7239184,43562820.33867421,108,TXG-0119
685,TXG-0120_pos20,T,-6.5371184,<pad>,-5.6178684,2.507409127705366,20,TXG-0120
686,TXG-0120_pos31,Y,-2.559382,H,-0.94731927,5.013141327077626,31,TXG-0120
687,TXG-0120_pos32,Y,-1.788993,H,-1.6531854,1.145461485602463,32,TXG-0120
688,TXG-0120_pos49,Y,-2.534934,H,-1.1620075,3.946884367695065,49,TXG-0120
689,TXG-0120_pos51,Y,-2.74972,H,-1.2035891,4.693276253070455,51,TXG-0120
690,TXG-0120_pos57,N,-3.426598,H,-3.0942218,1.3942772769729348,57,TXG-0120
691,TXG-0120_pos80,K,-6.002438,<s>,-5.9562407,1.0472810191194433,80,TXG-0120
692,TXG-0120_pos118,M,-14.441993,<s>,-6.535417,2715.0781052442285,118,TXG-0120
693,TXG-0121_pos102,S,-16.768002,<mask>,-7.881571,7233.157920903091,102,TXG-0121
694,TXG-0122_pos15,R,-5.181952,</s>,-3.5461473,5.133587333092907,15,TXG-0122
695,TXG-0122_pos28,F,-5.943973,<pad>,-2.6945693,25.77496572177235,28,TXG-0122
696,TXG-0122_pos29,S,-6.3221636,<mask>,-5.7888346,1.7045974787176732,29,TXG-0122
697,TXG-0122_pos30,S,-9.034191,<mask>,-6.3784323,14.235782651423037,30,TXG-0122
698,TXG-0122_pos107,P,-19.890146,<mask>,-6.9893327,400637.8976656193,107,TXG-0122
699,TXG-0122_pos108,D,-17.953293,<mask>,-7.485512,35164.10158996,108,TXG-0122
700,TXG-0122_pos177,K,-23.719091,P,-0.9366414,7839568252.828108,177,TXG-0122
701,TXG-0123_pos49,A,-5.567571,<mask>,-5.4267573,1.1512101575532283,49,TXG-0123
702,TXG-0123_pos79,Y,-4.215172,H,-2.0788798,8.467981766107094,79,TXG-0123
703,TXG-0123_pos97,K,-13.6745405,H,-6.0336704,2081.554189154545,97,TXG-0123
704,TXG-0125_pos57,S,-9.263182,<mask>,-8.142275,3.0676352870862367,57,TXG-0125
705,TXG-0125_pos84,S,-8.684833,<mask>,-7.39574,3.629493112149192,84,TXG-0125
706,TXG-0125_pos103,H,-18.29249,<mask>,-8.110687,26418.056138737385,103,TXG-0125
707,TXG-0125_pos104,Y,-20.855183,<mask>,-8.02298,374071.7863161693,104,TXG-0125
708,TXG-0125_pos192,S,-19.607037,P,-2.2830195,33398364.844599742,192,TXG-0125
709,TXG-0126_pos51,X,-7.518047,H,-2.4023395,166.61862196719682,51,TXG-0126
710,TXG-0126_pos53,X,-8.532848,H,-4.5696797,52.62379005977554,53,TXG-0126
711,TXG-0126_pos54,Y,-9.448689,H,-3.407166,420.5330192031587,54,TXG-0126
712,TXG-0126_pos61,N,-6.398658,H,-3.4093015,19.872890171251896,61,TXG-0126
713,TXG-0126_pos77,N,-5.1375017,H,-4.4613895,1.966218588639627,77,TXG-0126
714,TXG-0126_pos110,N,-16.290932,H,-5.8993096,32585.49077399009,110,TXG-0126
715,TXG-0127_pos29,T,-5.140004,<pad>,-5.1349487,1.0050680995885428,29,TXG-0127
716,TXG-0127_pos31,Y,-4.176696,</s>,-3.3498223,2.2861603333805878,31,TXG-0127
717,TXG-0127_pos92,M,-5.227139,<s>,-4.2126484,2.7579581356122174,92,TXG-0127
718,TXG-0127_pos108,G,-16.05327,<mask>,-7.279399,6463.142929126328,108,TXG-0127
719,TXG-0127_pos152,S,-20.338562,I,-2.6223357,49437821.17215018,152,TXG-0127
720,TXG-0128_pos28,F,-3.9920368,<pad>,-2.614253,3.966102204749799,28,TXG-0128
721,TXG-0128_pos32,A,-10.65718,<s>,-7.7890434,17.604183981265937,32,TXG-0128
722,TXG-0128_pos75,K,-5.5591884,<s>,-5.2953944,1.301859985519115,75,TXG-0128
723,TXG-0128_pos78,L,-6.89515,<mask>,-5.1590166,5.675356609093567,78,TXG-0128
724,TXG-0128_pos87,A,-7.4498205,<mask>,-7.394171,1.0572270607039425,87,TXG-0128
725,TXG-0128_pos102,A,-12.758353,<mask>,-7.1059217,284.9835046008182,102,TXG-0128
726,TXG-0128_pos104,A,-9.372508,<pad>,-6.4055324,19.433057290850527,104,TXG-0128
727,TXG-0128_pos107,D,-21.25319,<mask>,-7.3596797,1081122.3797790965,107,TXG-0128
728,TXG-0128_pos119,T,-12.918435,<mask>,-7.6163464,200.7556707000959,119,TXG-0128
729,TXG-0128_pos152,S,-20.960857,I,-0.25764516,980145747.0004628,152,TXG-0128
730,TXG-0128_pos200,S,-20.85823,K,-3.596078,31394773.877374027,200,TXG-0128
731,TXG-0129_pos92,V,-6.565273,<mask>,-6.320841,1.276895830355621,92,TXG-0129
732,TXG-0129_pos104,D,-16.05632,<mask>,-7.775108,3948.9776436422985,104,TXG-0129
733,TXG-0129_pos114,Q,-20.495846,<mask>,-7.5137014,434584.0301322012,114,TXG-0129
734,TXG-0129_pos223,S,-12.265234,C,-3.6991265,5250.651798632973,223,TXG-0129
735,TXG-0130_pos108,D,-21.2506,<pad>,-5.19707,9374745.661380554,108,TXG-0130
736,TXG-0130_pos109,F,-18.781988,<mask>,-7.079836,120831.46470755708,109,TXG-0130
737,TXG-0130_pos110,D,-20.633232,<mask>,-6.77179,1047002.6281275474,110,TXG-0130
738,TXG-0131_pos29,T,-7.6334224,<pad>,-4.8825164,15.656810530632216,29,TXG-0131
739,TXG-0131_pos54,D,-5.9548073,<s>,-5.7138653,1.2724472312285195,54,TXG-0131
740,TXG-0131_pos103,T,-15.412857,<mask>,-6.3983517,8221.478187121018,103,TXG-0131
741,TXG-0131_pos105,T,-15.608817,<mask>,-6.4218597,9768.881935969846,105,TXG-0131
742,TXG-0131_pos109,F,-9.291993,<s>,-6.268079,20.571651761928024,109,TXG-0131
743,TXG-0131_pos110,D,-9.515282,<s>,-5.734916,43.83208134191804,110,TXG-0131
744,TXG-0132_pos30,S,-9.124002,<mask>,-6.311364,16.65379302847796,30,TXG-0132
745,TXG-0132_pos52,Y,-4.859799,</s>,-4.5895576,1.3102807143231334,52,TXG-0132
746,TXG-0132_pos61,D,-4.769781,<unk>,-4.4315968,1.4023988014745692,61,TXG-0132
747,TXG-0132_pos79,Y,-5.2438374,</s>,-3.883535,3.8973716888128154,79,TXG-0132
748,TXG-0132_pos86,R,-5.109537,</s>,-4.867844,1.273403198019773,86,TXG-0132
749,TXG-0132_pos111,I,-9.640004,<s>,-5.0738506,96.17345653459104,111,TXG-0132
750,TXG-0133_pos87,A,-7.489392,<mask>,-6.4582076,2.8043853825218608,87,TXG-0133
751,TXG-0133_pos94,Y,-3.9179616,</s>,-3.886258,1.0322115124669244,94,TXG-0133
752,TXG-0133_pos96,A,-10.554426,<mask>,-8.160032,10.961553344608449,96,TXG-0133
753,TXG-0133_pos101,V,-17.847622,<mask>,-7.245476,40221.05927495127,101,TXG-0133
754,TXG-0133_pos105,A,-11.015126,<mask>,-7.569746,31.35519615765085,105,TXG-0133
755,TXG-0133_pos106,M,-23.44129,<pad>,-7.260907,10642681.172177851,106,TXG-0133
756,TXG-0133_pos111,Y,-8.057873,</s>,-4.978823,21.737741729291333,111,TXG-0133
757,TXG-0134_pos104,Y,-24.551199,<mask>,-7.6193776,22562987.489346813,104,TXG-0134
758,TXG-0134_pos105,Y,-19.23082,<mask>,-7.9032016,83084.9120017891,105,TXG-0134
759,TXG-0134_pos106,Y,-12.97275,<mask>,-7.169035,331.52890486910314,106,TXG-0134
760,TXG-0136_pos94,Y,-4.0559974,</s>,-3.123399,2.541103409781223,94,TXG-0136
761,TXG-0136_pos100,G,-18.348267,<mask>,-7.765567,39446.47623587458,100,TXG-0136
762,TXG-0136_pos104,A,-12.79418,<mask>,-8.309591,88.64051207485021,104,TXG-0136
763,TXG-0136_pos107,N,-21.28472,<mask>,-7.7674594,742115.8188031975,107,TXG-0136
764,TXG-0137_pos2,Q,-5.462289,<mask>,-5.412409,1.051144951413308,2,TXG-0137
765,TXG-0137_pos29,T,-6.3991437,<pad>,-4.269687,8.41029625600528,29,TXG-0137
766,TXG-0137_pos33,M,-5.2129836,<s>,-4.099722,3.044271415141215,33,TXG-0137
767,TXG-0137_pos54,D,-5.390809,<s>,-5.0249796,1.4417092660725184,54,TXG-0137
768,TXG-0137_pos94,Y,-4.0559974,</s>,-3.123399,2.541103409781223,94,TXG-0137
769,TXG-0137_pos100,G,-18.348267,<mask>,-7.765567,39446.47623587458,100,TXG-0137
770,TXG-0137_pos104,A,-12.79418,<mask>,-8.309591,88.64051207485021,104,TXG-0137
771,TXG-0137_pos107,N,-21.28472,<mask>,-7.7674594,742115.8188031975,107,TXG-0137
772,TXG-0137_pos109,F,-7.1440187,<mask>,-5.676259,4.339502455714362,109,TXG-0137
773,TXG-0137_pos110,D,-7.330426,<unk>,-4.81682,12.349381736512486,110,TXG-0137
774,TXG-0138_pos107,D,-22.19691,<s>,-6.7256737,5236879.166722878,107,TXG-0138
775,TXG-0139_pos26,Y,-4.00613,H,-1.993049,7.486347287471329,26,TXG-0139
776,TXG-0139_pos29,T,-8.26048,<pad>,-5.265397,19.98701874356944,29,TXG-0139
777,TXG-0139_pos30,S,-8.460437,<mask>,-7.8358917,1.867396659097988,30,TXG-0139
778,TXG-0139_pos58,N,-4.004021,H,-3.8353467,1.1837345337939258,58,TXG-0139
779,TXG-0139_pos63,L,-5.7657695,<mask>,-4.5948973,3.224804086402011,63,TXG-0139
780,TXG-0139_pos76,S,-7.2617545,<mask>,-7.082716,1.196066791852947,76,TXG-0139
781,TXG-0139_pos97,R,-13.649535,<mask>,-8.14094,246.80412356113968,97,TXG-0139
782,TXG-0139_pos110,Y,-25.578018,</s>,-7.478986,72495278.96641257,110,TXG-0139
783,TXG-0139_pos116,L,-16.695826,<mask>,-5.855481,51038.9833944514,116,TXG-0139
784,TXG-0139_pos117,V,-17.709066,<mask>,-6.1019216,109880.02854581564,117,TXG-0139
785,TXG-0141_pos10,L,-6.017651,<unk>,-4.118467,6.680440977730507,10,TXG-0141
786,TXG-0141_pos98,Y,-23.50935,<mask>,-7.544704,8577439.49697519,98,TXG-0141
787,TXG-0141_pos102,Y,-20.13111,<mask>,-7.3236604,364925.9006364568,102,TXG-0141
788,TXG-0141_pos105,Y,-10.647077,<mask>,-6.747139,49.399386248635146,105,TXG-0141
789,TXG-0142_pos82,L,-5.642433,<unk>,-4.613311,2.79860757822872,82,TXG-0142
790,TXG-0142_pos94,Y,-3.3665943,</s>,-2.8042116,1.754848801122718,94,TXG-0142
791,TXG-0142_pos100,T,-19.74234,<mask>,-7.644002,179573.16350610083,100,TXG-0142
792,TXG-0142_pos110,I,-7.2717113,<s>,-4.973015,9.961187585694354,110,TXG-0142
793,TXG-0142_pos151,S,-20.075663,I,-1.7785821,88373340.1403409,151,TXG-0142
794,TXG-0143_pos80,K,-6.4646544,M,-4.8342943,5.105712954777442,80,TXG-0143
795,TXG-0143_pos101,S,-5.2455535,M,-4.7021465,1.7218632682871935,101,TXG-0143
796,TXG-0143_pos102,G,-7.19276,M,-4.5098324,14.62785517931668,102,TXG-0143
797,TXG-0143_pos104,Y,-17.413239,<mask>,-7.514987,19895.562581633905,104,TXG-0143
798,TXG-0144_pos106,D,-19.654924,<mask>,-7.3497615,220833.1018616072,106,TXG-0144
799,TXG-0146_pos52,Q,-10.082578,<mask>,-5.752261,75.96836472421566,52,TXG-0146
800,TXG-0146_pos55,S,-7.835511,<mask>,-7.237937,1.8177036978655408,55,TXG-0146
801,TXG-0146_pos75,K,-5.827136,<s>,-5.121096,2.0259525803504794,75,TXG-0146
802,TXG-0146_pos102,S,-18.648314,<mask>,-7.0144053,112860.59911628946,102,TXG-0146
803,TXG-0148_pos50,F,-6.578657,<unk>,-4.9029856,5.342380819711201,50,TXG-0148
804,TXG-0148_pos54,D,-6.9538145,<mask>,-6.452197,1.6513902352987022,54,TXG-0148
805,TXG-0148_pos76,D,-6.2737484,<s>,-5.9416656,1.3938682560261777,76,TXG-0148
806,TXG-0148_pos94,Y,-4.5240755,</s>,-4.134104,1.4769387005298509,94,TXG-0148
807,TXG-0148_pos103,S,-13.8439045,<mask>,-6.204027,2079.489063557781,103,TXG-0148
808,TXG-0148_pos105,Y,-19.440254,<mask>,-7.751367,119239.21924383695,105,TXG-0148
809,TXG-0149_pos98,E,-22.346796,<mask>,-7.580145,2588660.193440295,98,TXG-0149
810,TXG-0149_pos100,G,-19.351168,<mask>,-7.7021084,114583.5579976902,100,TXG-0149
811,TXG-0149_pos108,F,-20.231407,<mask>,-7.5427966,324036.1621109757,108,TXG-0149
812,TXG-0149_pos109,D,-19.186691,<mask>,-7.6047926,107140.72111516602,109,TXG-0149
813,TXG-0150_pos97,R,-13.653648,<mask>,-7.5758667,436.0606329154286,97,TXG-0150
814,TXG-0150_pos100,E,-17.069717,<mask>,-7.64915,12339.576776609058,100,TXG-0150
815,TXG-0151_pos103,Y,-21.005375,<pad>,-6.5533247,1889929.906802073,103,TXG-0151
816,TXG-0152_pos26,Y,-3.6327887,H,-3.2441645,1.4749501608991509,26,TXG-0152
817,TXG-0152_pos27,T,-6.2227407,<pad>,-5.6443195,1.783220858052752,27,TXG-0152
818,TXG-0152_pos29,T,-8.206823,<pad>,-4.8421783,28.923219053498254,29,TXG-0152
819,TXG-0152_pos36,V,-5.2044215,<pad>,-4.6486573,1.7432726848524291,36,TXG-0152
820,TXG-0152_pos62,K,-5.578617,<pad>,-4.8253202,2.1239908596412014,62,TXG-0152
821,TXG-0152_pos63,L,-6.4224977,<mask>,-5.0399513,3.985036214879474,63,TXG-0152
822,TXG-0152_pos76,S,-7.9031296,<mask>,-7.9029865,1.0001431102392933,76,TXG-0152
823,TXG-0152_pos108,F,-21.180922,<mask>,-7.114455,1285254.1000597472,108,TXG-0152
824,TXG-0152_pos156,S,-24.742712,A,-2.6383204,3979378944.6148696,156,TXG-0152
825,TXG-0153_pos102,T,-22.251993,<mask>,-7.3631086,2925232.1411657147,102,TXG-0153
826,TXG-0153_pos156,S,-24.212801,A,-2.1299405,3894614350.7248487,156,TXG-0153
827,TXG-0154_pos30,S,-8.198622,<mask>,-7.358722,2.3161353516648626,30,TXG-0154
828,TXG-0154_pos63,L,-7.9100018,<mask>,-4.3887043,33.82829221023312,63,TXG-0154
829,TXG-0154_pos64,Q,-4.5625033,H,-4.2439756,1.3751017109736927,64,TXG-0154
830,TXG-0154_pos94,Y,-4.080538,H,-2.338806,5.707219771929571,94,TXG-0154
831,TXG-0154_pos110,P,-17.067926,H,-5.7053266,86042.73754539083,110,TXG-0154
832,TXG-0155_pos51,Y,-4.888668,H,-1.6761122,24.842497612055013,51,TXG-0155
833,TXG-0155_pos55,S,-8.371296,<mask>,-7.389221,2.669990728675632,55,TXG-0155
834,TXG-0155_pos98,S,-22.224333,H,-6.5275517,6561837.969794585,98,TXG-0155
835,TXG-0155_pos100,G,-11.851316,<mask>,-7.377708,87.67247534474946,100,TXG-0155
836,TXG-0155_pos102,C,-22.587238,<mask>,-6.0782585,14782867.990125656,102,TXG-0155
837,TXG-0155_pos103,Y,-17.159584,<s>,-7.021599,25285.464906570345,103,TXG-0155
838,TXG-0156_pos30,D,-9.636889,<unk>,-4.2910786,209.7277791405197,30,TXG-0156
839,TXG-0156_pos92,L,-5.2601266,<mask>,-5.220095,1.0408436643325147,92,TXG-0156
840,TXG-0156_pos100,I,-18.691261,<mask>,-6.871537,135906.71360690222,100,TXG-0156
841,TXG-0156_pos106,N,-21.572767,<mask>,-7.5920143,1179678.7339404055,106,TXG-0156
842,TXG-0157_pos29,T,-5.3699045,<pad>,-4.3046093,2.9016954381341287,29,TXG-0157
843,TXG-0157_pos33,M,-4.8607335,<pad>,-3.3992262,4.312454795070304,33,TXG-0157
844,TXG-0157_pos54,D,-5.005394,<unk>,-4.90713,1.1032540057232056,54,TXG-0157
845,TXG-0157_pos97,T,-13.749769,</s>,-7.7416553,406.715408970109,97,TXG-0157
846,TXG-0157_pos100,H,-20.8858,<mask>,-7.389711,726569.1937073495,100,TXG-0157
847,TXG-0157_pos101,L,-22.27471,<mask>,-7.4516077,2738996.854958155,101,TXG-0157
848,TXG-0157_pos113,Q,-7.543172,<mask>,-5.4741116,7.917380451160333,113,TXG-0157
849,TXG-0158_pos56,S,-11.895732,<mask>,-7.5031033,80.85267730935904,56,TXG-0158
850,TXG-0158_pos84,S,-8.199494,<mask>,-6.4222884,5.913309158414624,84,TXG-0158
851,TXG-0158_pos104,Y,-20.410082,<mask>,-6.81752,800156.0098898986,104,TXG-0158
852,TXG-0159_pos30,S,-8.42693,<mask>,-7.9559956,1.6014899264892613,30,TXG-0159
853,TXG-0159_pos60,A,-7.132115,<mask>,-6.3472185,2.192180038357249,60,TXG-0159
854,TXG-0159_pos62,K,-6.2282734,</s>,-5.707999,1.6824892614161948,62,TXG-0159
855,TXG-0159_pos85,L,-5.206896,<unk>,-3.3114858,6.655277839757327,85,TXG-0159
856,TXG-0159_pos86,R,-6.6395144,</s>,-5.717698,2.513852406970156,86,TXG-0159
857,TXG-0159_pos98,D,-19.317572,<mask>,-7.2341976,176906.10666724027,98,TXG-0159
858,TXG-0159_pos101,S,-20.112167,<mask>,-7.129842,434662.43616324826,101,TXG-0159
859,TXG-0160_pos106,W,-25.016533,<mask>,-8.066165,22985358.86249301,106,TXG-0160
860,TXG-0160_pos107,F,-27.058535,<mask>,-8.719564,92153940.22655536,107,TXG-0160
861,TXG-0161_pos58,Y,-4.9911036,</s>,-2.9823322,7.454153546102059,58,TXG-0161
862,TXG-0161_pos75,K,-5.824884,<pad>,-5.501359,1.3819907056038032,75,TXG-0161
863,TXG-0161_pos87,A,-7.516386,<mask>,-7.2428827,1.3145616972585012,87,TXG-0161
864,TXG-0161_pos106,Y,-23.881174,<mask>,-6.984622,21781074.31477809,106,TXG-0161
865,TXG-0161_pos107,F,-22.155556,<mask>,-7.2729015,2907064.8862984194,107,TXG-0161
866,TXG-0161_pos108,D,-24.444098,<mask>,-7.0814133,34715078.86668498,108,TXG-0161
867,TXG-0161_pos220,S,-17.075943,C,-0.32141277,18897311.66564776,220,TXG-0161
868,TXG-0162_pos29,T,-6.001093,<pad>,-4.8640003,3.117691113059313,29,TXG-0162
869,TXG-0162_pos33,M,-5.539683,<s>,-4.458656,2.947705290415679,33,TXG-0162
870,TXG-0162_pos55,G,-4.6869025,<mask>,-3.803261,2.419695002013404,55,TXG-0162
871,TXG-0162_pos62,K,-6.327484,<s>,-6.1731906,1.1668331854173757,62,TXG-0162
872,TXG-0162_pos116,V,-18.314884,<s>,-7.0367,79077.52663101778,116,TXG-0162
873,TXG-0162_pos150,S,-20.045633,I,-1.3451858,132282083.94523469,150,TXG-0162
874,TXG-0163_pos29,T,-8.534186,<pad>,-3.8946629,103.49497905677936,29,TXG-0163
875,TXG-0163_pos33,M,-6.0864058,<s>,-4.554993,4.624705993634936,33,TXG-0163
876,TXG-0163_pos39,A,-6.1202774,<mask>,-6.0433283,1.0799871036499804,39,TXG-0163
877,TXG-0163_pos55,G,-3.9512513,<mask>,-3.8556166,1.1003570301438554,55,TXG-0163
878,TXG-0163_pos75,T,-6.557852,<pad>,-5.799735,2.1342536348266004,75,TXG-0163
879,TXG-0163_pos96,A,-7.7139587,<mask>,-7.163706,1.733691066250092,96,TXG-0163
880,TXG-0163_pos100,T,-20.693224,<mask>,-7.4278684,576860.4143388747,100,TXG-0163
881,TXG-0163_pos101,M,-22.098217,<s>,-7.122326,3191147.0917041795,101,TXG-0163
882,TXG-0163_pos102,V,-12.574131,<mask>,-6.159311,610.8308013777917,102,TXG-0163
883,TXG-0163_pos108,D,-26.530912,<mask>,-6.8052387,368766164.2825233,108,TXG-0163
884,TXG-0163_pos119,S,-21.716438,<mask>,-7.1924114,2030975.13956967,119,TXG-0163
885,TXG-0163_pos220,S,-16.578724,C,-1.7519763,2748999.815411852,220,TXG-0163
886,TXG-0164_pos29,T,-7.7986603,<pad>,-4.8565936,18.95498011681633,29,TXG-0164
887,TXG-0164_pos33,M,-5.546432,<pad>,-4.124956,4.143231338754879,33,TXG-0164
888,TXG-0164_pos94,Y,-5.103196,</s>,-3.8089144,3.64837404054476,94,TXG-0164
889,TXG-0164_pos103,G,-20.880049,<mask>,-7.5891128,591807.2087903327,103,TXG-0164
890,TXG-0165_pos104,A,-20.777502,<pad>,-6.5540676,1503692.6386390098,104,TXG-0165
891,TXG-0166_pos101,S,-15.09142,<mask>,-6.38585,6036.441731320377,101,TXG-0166
892,TXG-0167_pos99,L,-25.094358,<mask>,-7.7916927,32692795.810833097,99,TXG-0167
893,TXG-0167_pos107,F,-20.786434,<mask>,-7.3851585,660845.595987387,107,TXG-0167
894,TXG-0168_pos29,T,-5.808978,<pad>,-3.9469824,6.436568780049861,29,TXG-0168
895,TXG-0168_pos31,L,-6.7268066,<s>,-5.7023983,2.7854468239790684,31,TXG-0168
896,TXG-0168_pos120,S,-18.540821,<mask>,-6.883028,115588.64456628104,120,TXG-0168
897,TXG-0169_pos33,M,-6.4410725,<s>,-4.5153246,6.8602775492932775,33,TXG-0169
898,TXG-0170_pos29,T,-6.26934,<pad>,-3.549534,15.177377548083198,29,TXG-0170
899,TXG-0170_pos99,I,-18.01987,<mask>,-7.5372868,35688.479050087684,99,TXG-0170
900,TXG-0170_pos100,T,-12.910236,<mask>,-7.1773415,308.8619767736868,100,TXG-0170
901,TXG-0170_pos101,M,-13.282876,<s>,-6.5516396,838.1829549647781,101,TXG-0170
902,TXG-0170_pos107,F,-14.30984,<mask>,-6.9539857,1565.3336889147706,107,TXG-0170
903,TXG-0171_pos30,S,-9.882986,<mask>,-7.4556055,11.329166425463288,30,TXG-0171
904,TXG-0171_pos51,K,-5.5906997,H,-4.6798677,2.486390349824949,51,TXG-0171
905,TXG-0171_pos57,K,-5.9487915,<s>,-5.2013483,2.1115941847306043,57,TXG-0171
906,TXG-0171_pos76,N,-5.295523,H,-4.2769446,2.7692551911996395,76,TXG-0171
907,TXG-0171_pos103,V,-13.877083,<mask>,-6.610346,1431.8706281948137,103,TXG-0171
908,TXG-0171_pos104,Q,-18.727024,H,-6.806921,150257.08409428017,104,TXG-0171
909,TXG-0171_pos107,F,-18.205359,<mask>,-5.892146,222618.0941478268,107,TXG-0171
910,TXG-0171_pos108,D,-11.450918,<s>,-5.3347716,453.1152010019042,108,TXG-0171
911,TXG-0172_pos9,G,-2.6536171,H,-2.4232812,1.2590228446839349,9,TXG-0172
912,TXG-0172_pos27,T,-7.175992,<pad>,-5.2036433,7.187538049838279,27,TXG-0172
913,TXG-0172_pos58,Y,-3.5438118,H,-0.48920876,21.21276323687199,58,TXG-0172
914,TXG-0172_pos75,K,-6.0433626,</s>,-5.5027494,1.7170594402802124,75,TXG-0172
915,TXG-0172_pos94,Y,-3.469015,H,-1.2517254,9.18240910552982,94,TXG-0172
916,TXG-0172_pos103,I,-23.024986,<mask>,-6.4735746,15423631.43508364,103,TXG-0172
917,TXG-0172_pos108,D,-18.702791,<mask>,-6.8342123,142711.2589796963,108,TXG-0172
918,TXG-0172_pos109,Y,-14.239159,H,-5.998699,3791.283897707209,109,TXG-0172
919,TXG-0172_pos155,S,-23.062696,A,-1.1712898,3216006469.752271,155,TXG-0172
920,TXG-0173_pos29,T,-6.5501966,<pad>,-4.7657447,5.956314396819254,29,TXG-0173
921,TXG-0173_pos100,V,-16.808323,<mask>,-7.9865875,6780.021147297476,100,TXG-0173
922,TXG-0173_pos101,L,-17.18424,<mask>,-7.741933,12610.776434730127,101,TXG-0173
923,TXG-0173_pos105,D,-22.261757,<mask>,-7.6942163,2121302.192872856,105,TXG-0173
924,TXG-0173_pos107,F,-13.28716,<s>,-6.472374,911.2214935179272,107,TXG-0173
925,TXG-0173_pos108,D,-12.967957,<s>,-5.7934074,1305.771848884394,108,TXG-0173
926,TXG-0173_pos109,P,-11.407107,<s>,-5.675149,308.5728629311252,109,TXG-0173
927,TXG-0175_pos52,Y,-5.1465044,</s>,-4.666374,1.6162851520355306,52,TXG-0175
928,TXG-0175_pos101,L,-20.979551,<mask>,-7.4474516,753210.0358805609,101,TXG-0175
929,TXG-0175_pos106,Y,-18.123987,<mask>,-6.918584,73526.6349625609,106,TXG-0175
930,TXG-0175_pos109,Y,-8.996802,</s>,-4.8059025,66.08220517841737,109,TXG-0175
931,TXG-0175_pos152,G,-13.212376,<mask>,-3.9326005,10719.025225143288,152,TXG-0175
932,TXG-0176_pos22,T,-5.265415,<pad>,-2.5399158,15.264031829961857,22,TXG-0176
933,TXG-0176_pos52,I,-2.9004748,M,-0.5478933,10.512673191720198,52,TXG-0176
934,TXG-0176_pos105,T,-22.556805,<mask>,-7.314755,4164263.55324265,105,TXG-0176
935,TXG-0176_pos115,L,-9.031181,M,-1.2679485,2352.496773643656,115,TXG-0176
936,TXG-0177_pos105,N,-16.963594,<mask>,-7.3066974,15629.20565020134,105,TXG-0177
937,TXG-0178_pos77,Q,-6.4137707,<mask>,-6.152001,1.299227295926217,77,TXG-0178
938,TXG-0178_pos81,K,-6.867086,M,-4.447849,11.237281996887525,81,TXG-0178
939,TXG-0178_pos97,R,-14.592344,<mask>,-7.8569345,841.6880847960418,97,TXG-0178
940,TXG-0178_pos98,D,-21.612152,<mask>,-7.300659,1642110.725444132,98,TXG-0178
941,TXG-0178_pos101,N,-21.425728,<mask>,-6.9742107,1888922.842568204,101,TXG-0178
942,TXG-0179_pos30,S,-8.217514,<mask>,-7.793911,1.5274550737335206,30,TXG-0179
943,TXG-0179_pos94,Y,-5.765561,</s>,-4.4319525,3.794711929267367,94,TXG-0179
944,TXG-0179_pos100,V,-17.279654,<mask>,-7.7096214,14328.883438119909,100,TXG-0179
945,TXG-0180_pos56,S,-7.6746383,<mask>,-7.2498803,1.5292203035676737,56,TXG-0180
946,TXG-0180_pos87,A,-7.2104387,<mask>,-6.353583,2.355741877141289,87,TXG-0180
947,TXG-0180_pos102,E,-16.969357,<mask>,-7.585182,11898.587802515318,102,TXG-0180
948,TXG-0180_pos104,A,-12.068381,<mask>,-7.2674503,121.62355990696292,104,TXG-0180
949,TXG-0181_pos3,L,-10.32762,<mask>,-4.173033,470.8723320240609,3,TXG-0181
950,TXG-0181_pos29,T,-9.202818,<pad>,-4.382284,124.03130581614155,29,TXG-0181
951,TXG-0181_pos55,G,-4.8848863,N,-3.9270902,2.605946893642006,55,TXG-0181
952,TXG-0181_pos77,T,-8.344444,</s>,-6.459027,6.589101524544284,77,TXG-0181
953,TXG-0181_pos79,Y,-4.9552484,N,-3.4584851,4.46720663761254,79,TXG-0181
954,TXG-0181_pos104,V,-20.242105,<mask>,-7.6696386,288504.62615470064,104,TXG-0181
955,TXG-0181_pos107,D,-25.321432,<mask>,-7.8487883,38750092.46676969,107,TXG-0181
956,TXG-0182_pos32,T,-11.339466,<pad>,-8.551098,16.254470847311353,32,TXG-0182
957,TXG-0182_pos100,Y,-20.92778,<s>,-7.9739456,422453.3899294104,100,TXG-0182
958,TXG-0183_pos32,T,-11.084139,<s>,-9.454593,5.101558085330045,32,TXG-0183
959,TXG-0183_pos99,T,-15.775374,<mask>,-6.9680634,6682.92202647839,99,TXG-0183
960,TXG-0183_pos102,T,-16.032,<mask>,-6.949189,8802.675602566938,102,TXG-0183
961,TXG-0183_pos103,Y,-25.018105,<s>,-7.3002014,49520812.81108323,103,TXG-0183
962,TXG-0183_pos149,S,-21.687647,I,-1.1901745,797882977.5607567,149,TXG-0183
963,TXG-0184_pos29,T,-6.8997245,<pad>,-5.062366,6.279927902998779,29,TXG-0184
964,TXG-0184_pos100,G,-18.676062,<mask>,-7.2613974,90641.24216609247,100,TXG-0184
965,TXG-0184_pos101,S,-17.789845,<mask>,-7.146963,41893.333992676,101,TXG-0184
966,TXG-0184_pos103,S,-18.124584,<pad>,-5.7634497,233545.99093139856,103,TXG-0184
967,TXG-0184_pos106,F,-16.830849,<mask>,-7.0963893,16889.70763997718,106,TXG-0184
968,TXG-0184_pos107,D,-21.90026,<mask>,-6.9140697,3224183.5068920064,107,TXG-0184
969,TXG-0185_pos31,S,-8.361071,<mask>,-7.611211,2.1167036573559823,31,TXG-0185
970,TXG-0185_pos87,D,-6.343949,<pad>,-2.435439,49.82465789779883,87,TXG-0185
971,TXG-0185_pos95,Y,-4.051425,H,-1.2222645,16.93124107975181,95,TXG-0185
972,TXG-0185_pos104,C,-32.92998,<mask>,-7.4703627,114017445005.77336,104,TXG-0185
973,TXG-0185_pos108,P,-22.044533,H,-6.2751904,7055673.479380407,108,TXG-0185
974,TXG-0185_pos111,Q,-20.999352,<mask>,-7.3907614,813084.7283399065,111,TXG-0185
975,TXG-0186_pos29,T,-7.766301,<pad>,-4.461936,27.23124425737617,29,TXG-0186
976,TXG-0186_pos30,S,-8.241492,<mask>,-6.9984717,3.4660662314098203,30,TXG-0186
977,TXG-0186_pos96,A,-11.158488,<s>,-8.288902,17.629717985551213,96,TXG-0186
978,TXG-0186_pos114,L,-18.252956,</s>,-6.5672674,118858.45376974875,114,TXG-0186
979,TXG-0187_pos87,A,-7.8596506,<mask>,-7.070878,2.2006936365237237,87,TXG-0187
980,TXG-0187_pos99,V,-16.529549,<mask>,-6.699733,18579.53527601765,99,TXG-0187
981,TXG-0187_pos100,V,-15.457003,<mask>,-6.535466,7491.594966727534,100,TXG-0187
982,TXG-0187_pos107,D,-7.836493,<pad>,-2.4399817,220.6353414462936,107,TXG-0187
983,TXG-0188_pos29,T,-9.054358,<pad>,-5.417981,37.95407969848184,29,TXG-0188
984,TXG-0188_pos33,M,-7.3498397,<s>,-5.036569,10.107429019999069,33,TXG-0188
985,TXG-0188_pos54,D,-8.194966,<s>,-5.755324,11.46893412933659,54,TXG-0188
986,TXG-0188_pos55,G,-4.9496894,<mask>,-4.8635025,1.090010032143419,55,TXG-0188
987,TXG-0188_pos60,A,-9.245296,<mask>,-6.543925,14.900145827737546,60,TXG-0188
988,TXG-0188_pos76,D,-8.588755,<unk>,-5.261675,27.85688073635544,76,TXG-0188
989,TXG-0188_pos96,A,-10.8439245,<mask>,-6.794979,57.33696332790996,96,TXG-0188
990,TXG-0188_pos97,T,-16.100533,</s>,-8.012357,3255.7436745793734,97,TXG-0188
991,TXG-0188_pos101,T,-20.274178,<mask>,-7.716076,284390.05274041096,101,TXG-0188
992,TXG-0188_pos102,M,-18.432667,<s>,-7.3185554,67111.56078519941,102,TXG-0188
993,TXG-0188_pos103,V,-11.614183,<mask>,-6.3042126,202.34423891003215,103,TXG-0188
994,TXG-0188_pos105,G,-18.046331,<mask>,-7.6348786,33238.11039396917,105,TXG-0188
995,TXG-0188_pos107,D,-20.064327,<s>,-6.6824207,648168.7123423393,107,TXG-0188
996,TXG-0188_pos108,P,-14.144112,</s>,-6.2223682,2756.57377035814,108,TXG-0188
997,TXG-0188_pos118,S,-17.19646,<mask>,-7.7370257,12828.62524152698,118,TXG-0188
998,TXG-0189_pos154,S,-18.24257,<pad>,-3.636876,2203800.658857372,154,TXG-0189
999,TXG-0190_pos22,T,-5.0083127,<pad>,-1.5753534,30.968151332458817,22,TXG-0190
1000,TXG-0190_pos30,S,-7.3041015,<mask>,-7.2091584,1.0995962863173456,30,TXG-0190
1001,TXG-0190_pos31,Y,-3.5778606,H,-0.6840957,18.06118029588849,31,TXG-0190
1002,TXG-0190_pos51,Y,-5.2667375,H,-1.4127443,47.18109109826213,51,TXG-0190
1003,TXG-0190_pos52,Y,-4.0148525,H,-1.260429,15.71198033468283,52,TXG-0190
1004,TXG-0190_pos78,S,-7.405221,<pad>,-5.43851,7.1471308753624205,78,TXG-0190
1005,TXG-0190_pos81,L,-5.4441833,<unk>,-4.557721,2.4265301133839605,81,TXG-0190
1006,TXG-0190_pos95,A,-13.58087,H,-7.966752,274.27136513881874,95,TXG-0190
1007,TXG-0190_pos98,F,-22.996492,<s>,-6.875001,10034011.197685989,98,TXG-0190
1008,TXG-0190_pos99,G,-17.46838,H,-7.1816373,29341.045939853677,99,TXG-0190
1009,TXG-0190_pos101,Y,-20.423122,H,-6.0273294,1786542.2397092765,101,TXG-0190
1010,TXG-0190_pos102,Y,-17.501053,H,-5.751812,126657.38955538104,102,TXG-0190
1011,TXG-0190_pos103,Y,-12.588822,H,-4.358549,3752.858142527329,103,TXG-0190
1012,TXG-0190_pos135,S,-22.75161,Q,-0.6102577,4129211476.897308,135,TXG-0190
1013,TXG-0190_pos154,S,-23.514257,A,-2.6827729,1114290927.3870769,154,TXG-0190
1014,TXG-0190_pos166,Q,-22.31713,<pad>,-1.7424692,861909470.0768903,166,TXG-0190
1015,TXG-0190_pos202,L,-24.206398,T,-3.131742,1421041655.7173283,202,TXG-0190
1016,TXG-0192_pos2,Q,-9.00854,H,-6.0517583,19.235964924813025,2,TXG-0192
1017,TXG-0192_pos30,D,-9.233567,<unk>,-4.8942485,76.65528095930182,30,TXG-0192
1018,TXG-0192_pos31,Y,-5.4313855,H,-1.8609056,35.53364165514317,31,TXG-0192
1019,TXG-0192_pos55,S,-8.32142,<mask>,-7.427337,2.445092611197797,55,TXG-0192
1020,TXG-0192_pos58,Y,-5.2017736,H,-1.6714535,34.13489244521368,58,TXG-0192
1021,TXG-0192_pos81,Q,-6.1714067,H,-3.3310308,17.122200562798586,81,TXG-0192
1022,TXG-0192_pos101,E,-20.23864,<mask>,-7.6386395,296558.7135775225,101,TXG-0192
1023,TXG-0192_pos103,D,-27.456749,<mask>,-7.7416134,364900619.8172293,103,TXG-0192
1024,TXG-0192_pos106,D,-28.111849,<mask>,-7.3074694,1084494264.9284232,106,TXG-0192
1025,TXG-0192_pos107,I,-22.281445,<mask>,-7.2639093,3326847.443910717,107,TXG-0192
1026,TXG-0192_pos113,M,-20.666384,<mask>,-6.0293655,2273926.2024100795,113,TXG-0192
1027,TXG-0193_pos40,P,-4.883291,</s>,-4.6746616,1.2319883390380295,40,TXG-0193
1028,TXG-0193_pos56,S,-8.541775,<mask>,-7.8201,2.057877269866085,56,TXG-0193
1029,TXG-0193_pos78,F,-2.7751505,<pad>,-1.6963167,2.941247467410027,78,TXG-0193
1030,TXG-0193_pos81,K,-6.1184072,<s>,-6.0794716,1.039703524587116,81,TXG-0193
1031,TXG-0193_pos82,L,-5.0043764,M,-2.599085,11.081659007173036,82,TXG-0193
1032,TXG-0193_pos83,S,-9.422165,<mask>,-8.249478,3.230661774516518,83,TXG-0193
1033,TXG-0193_pos100,V,-11.306328,<pad>,-4.1724167,1253.7712646878645,100,TXG-0193
1034,TXG-0193_pos101,V,-8.00229,<pad>,-3.676738,75.60723653750081,101,TXG-0193
1035,TXG-0193_pos103,A,-9.282754,<pad>,-6.311839,19.509762864511924,103,TXG-0193
1036,TXG-0193_pos107,P,-18.532505,<mask>,-6.6362214,146720.33929181664,107,TXG-0193
1037,TXG-0193_pos110,Q,-19.454805,<mask>,-6.0675,651677.4435411164,110,TXG-0193
1038,TXG-0194_pos55,S,-5.7139463,<mask>,-5.656454,1.0591771149595473,55,TXG-0194
1039,TXG-0194_pos57,T,-6.763481,</s>,-6.256567,1.6601600277813944,57,TXG-0194
1040,TXG-0194_pos58,S,-8.504233,<mask>,-7.3801546,3.0773794287541065,58,TXG-0194
1041,TXG-0194_pos101,L,-17.606476,<mask>,-7.758541,18919.246192913877,101,TXG-0194
1042,TXG-0194_pos102,V,-17.450678,<mask>,-7.44773,22091.495622840077,102,TXG-0194
1043,TXG-0194_pos112,T,-24.630722,<mask>,-7.3308086,32602952.183079287,112,TXG-0194
1044,TXG-0194_pos117,S,-22.370417,<mask>,-6.761439,6010256.59334393,117,TXG-0194
1045,TXG-0196_pos28,L,-6.587741,<s>,-5.2204647,3.924646564818968,28,TXG-0196
1046,TXG-0196_pos51,L,-7.4950557,<mask>,-6.184327,3.708875385229301,51,TXG-0196
1047,TXG-0196_pos59,R,-7.6433835,</s>,-5.3090773,10.32229583558204,59,TXG-0196
1048,TXG-0196_pos103,L,-20.720509,<mask>,-6.8893194,1015802.6031439344,103,TXG-0196
1049,TXG-0196_pos104,L,-21.813663,<mask>,-7.413802,1793825.4135436744,104,TXG-0196
1050,TXG-0196_pos105,F,-24.386185,<mask>,-6.993877,35758837.523174696,105,TXG-0196
1051,TXG-0196_pos112,L,-16.409111,<mask>,-5.28699,67651.2424984421,112,TXG-0196
1052,TXG-0197_pos26,F,-4.0593677,<pad>,-3.6357813,1.5274297181897485,26,TXG-0197
1053,TXG-0197_pos57,Y,-2.252883,H,-1.0602906,3.2956136917327794,57,TXG-0197
1054,TXG-0197_pos99,L,-18.449127,<mask>,-6.5108957,153005.82935373785,99,TXG-0197
1055,TXG-0197_pos103,A,-6.222047,H,-5.559642,1.9394511098982627,103,TXG-0197
1056,TXG-0197_pos112,M,-5.151427,<unk>,-4.819541,1.3935939697440476,112,TXG-0197
1057,TXG-0197_pos117,S,-19.473434,<pad>,-6.9305882,280084.2696761008,117,TXG-0197
1058,TXG-0198_pos27,T,-5.807856,<pad>,-4.6204805,3.2784655735651915,27,TXG-0198
1059,TXG-0198_pos56,S,-7.7907114,<mask>,-7.283279,1.6610208778528572,56,TXG-0198
1060,TXG-0198_pos58,G,-6.4467897,<mask>,-4.6272187,6.169211290464846,58,TXG-0198
1061,TXG-0198_pos97,K,-8.869677,<mask>,-6.4719143,10.998541795879152,97,TXG-0198
1062,TXG-0198_pos103,A,-18.22017,<s>,-7.010334,73853.30205800923,103,TXG-0198
1063,TXG-0198_pos214,Y,-18.834412,<unk>,-4.4486465,1768717.914505067,214,TXG-0198
1064,TXG-0198_pos217,S,-16.387884,C,-1.8812894,1995877.9765663608,217,TXG-0198
1065,TXG-0199_pos26,F,-6.7214866,<unk>,-3.6887145,20.754686985724057,26,TXG-0199
1066,TXG-0199_pos27,T,-7.789025,<pad>,-4.701691,21.91856511817613,27,TXG-0199
1067,TXG-0199_pos30,S,-8.173639,<mask>,-7.313362,2.363815379887801,30,TXG-0199
1068,TXG-0199_pos31,Y,-1.5111066,H,-1.1125674,1.489647031077864,31,TXG-0199
1069,TXG-0199_pos48,S,-6.9659443,<mask>,-5.7723064,3.2990610576440003,48,TXG-0199
1070,TXG-0199_pos52,S,-8.086814,H,-7.243288,2.3245489030002133,52,TXG-0199
1071,TXG-0199_pos53,S,-7.236508,<mask>,-6.6173935,1.8572826896524808,53,TXG-0199
1072,TXG-0199_pos55,S,-8.84694,<mask>,-7.3146186,4.62890991105122,55,TXG-0199
1073,TXG-0199_pos75,K,-6.165394,</s>,-5.474166,1.996165319778984,75,TXG-0199
1074,TXG-0199_pos94,Y,-3.779112,H,-1.45752,10.191886881354344,94,TXG-0199
1075,TXG-0199_pos98,E,-19.279436,H,-7.454627,136599.55931287905,98,TXG-0199
1076,TXG-0199_pos100,G,-19.73202,<mask>,-7.236714,267080.6629009124,100,TXG-0199
1077,TXG-0199_pos106,Y,-15.203954,</s>,-5.8628397,11397.100956717317,106,TXG-0199
1078,TXG-0199_pos152,S,-23.129154,A,-1.647109,2135667326.726187,152,TXG-0199
1079,TXG-0200_pos26,F,-5.4751444,<pad>,-2.829602,14.091086015771095,26,TXG-0200
1080,TXG-0200_pos102,D,-18.627169,H,-6.499183,184976.8571964736,102,TXG-0200
1081,TXG-0201_pos26,F,-4.329756,<pad>,-3.1140206,3.3727734901496427,26,TXG-0201
1082,TXG-0201_pos27,T,-7.0552363,<pad>,-4.1527586,18.219231281041317,27,TXG-0201
1083,TXG-0201_pos30,S,-9.177527,<mask>,-7.552724,5.077418687167463,30,TXG-0201
1084,TXG-0201_pos57,Y,-2.490388,H,-1.4067467,2.955421558281176,57,TXG-0201
1085,TXG-0201_pos102,A,-13.314426,H,-6.3596225,1048.1725518083776,102,TXG-0201
1086,TXG-0202_pos2,Q,-5.832057,<mask>,-5.219936,1.8443390964268624,2,TXG-0202
1087,TXG-0202_pos102,Y,-23.314215,<s>,-6.7145567,16186017.3346037,102,TXG-0202
1088,TXG-0203_pos59,X,-7.8191833,Y,-4.6563005,23.63864327933728,59,TXG-0203
1089,TXG-0203_pos60,X,-8.0037,Y,-6.718472,3.6154921954712833,60,TXG-0203
1090,TXG-0203_pos62,D,-12.985909,</s>,-6.7381177,516.8699523381658,62,TXG-0203
1091,TXG-0203_pos100,Y,-17.20271,<mask>,-6.409204,48703.49147340978,100,TXG-0203
1092,TXG-0203_pos109,Q,-16.397856,<mask>,-6.8713865,13718.07382966166,109,TXG-0203
1093,TXG-0204_pos26,F,-5.9515195,<unk>,-3.6550355,9.939174808809716,26,TXG-0204
1094,TXG-0204_pos30,S,-7.2681093,<mask>,-6.3788095,2.433425170316469,30,TXG-0204
1095,TXG-0204_pos57,Y,-4.109946,</s>,-3.5260508,1.7930089746634286,57,TXG-0204
1096,TXG-0204_pos100,C,-30.614164,<mask>,-8.18742,5493019822.586986,100,TXG-0204
1097,TXG-0205_pos100,R,-20.225641,<pad>,-6.5217295,894402.7892954181,100,TXG-0205
1098,TXG-0206_pos100,Y,-18.09459,H,-6.7948427,80801.21649281507,100,TXG-0206
1099,TXG-0207_pos10,L,-6.9582925,<pad>,-4.536033,11.271298062606274,10,TXG-0207
1100,TXG-0207_pos19,L,-6.4472375,<s>,-4.047453,11.02080114207272,19,TXG-0207
1101,TXG-0207_pos26,F,-3.8337512,<pad>,-2.020868,6.12809049628636,26,TXG-0207
1102,TXG-0207_pos86,A,-7.496784,<mask>,-6.72466,2.1643584725178124,86,TXG-0207
1103,TXG-0207_pos98,I,-23.196114,<mask>,-7.318983,7858694.056277329,98,TXG-0207
1104,TXG-0208_pos99,S,-23.059263,<mask>,-7.4511275,6005195.084623987,99,TXG-0208
1105,TXG-0208_pos103,F,-21.489075,<mask>,-6.6204863,2866460.9260572214,103,TXG-0208
1106,TXG-0209_pos27,T,-6.512359,<pad>,-4.381594,8.421306647474102,27,TXG-0209
1107,TXG-0209_pos57,Y,-4.5108986,</s>,-4.158085,1.4230658592337218,57,TXG-0209
1108,TXG-0210_pos57,Y,-4.4019904,H,-2.7591162,5.17000781435576,57,TXG-0210
1109,TXG-0210_pos86,A,-7.135682,<mask>,-7.0910044,1.045690674883829,86,TXG-0210
1110,TXG-0210_pos93,Y,-4.821561,H,-3.303655,4.562660972819097,93,TXG-0210
1111,TXG-0210_pos98,I,-19.929281,<mask>,-7.178706,344750.07044775656,98,TXG-0210
1112,TXG-0210_pos212,Y,-25.655085,V,-3.266484,5287445109.061717,212,TXG-0210
1113,TXG-0211_pos30,S,-11.741437,<mask>,-6.8558593,132.36691161550058,30,TXG-0211
1114,TXG-0211_pos33,M,-6.6743875,<s>,-4.436185,9.376461940321407,33,TXG-0211
1115,TXG-0211_pos51,S,-9.471328,<mask>,-6.9566154,12.363055126433428,51,TXG-0211
1116,TXG-0211_pos74,S,-10.692669,<pad>,-5.5924115,164.06414837933707,74,TXG-0211
1117,TXG-0211_pos92,V,-7.98728,<s>,-6.9776993,2.744450025833065,92,TXG-0211
1118,TXG-0211_pos103,D,-28.549908,<mask>,-6.7557087,2918102169.585452,103,TXG-0211
1119,TXG-0211_pos109,T,-27.184729,<mask>,-7.8537436,248507951.2572176,109,TXG-0211
1120,TXG-0212_pos99,Y,-26.193165,<mask>,-7.6067863,118021657.06043196,99,TXG-0212
1121,TXG-0213_pos27,T,-7.670896,<pad>,-4.92333,15.604604016870796,27,TXG-0213
1122,TXG-0213_pos29,S,-7.0334387,<mask>,-6.8433695,1.2093332806248067,29,TXG-0213
1123,TXG-0213_pos30,S,-10.214144,<mask>,-7.2336187,19.69816137165052,30,TXG-0213
1124,TXG-0213_pos33,M,-5.8694696,<s>,-4.245861,5.071357838546844,33,TXG-0213
1125,TXG-0213_pos52,S,-9.696008,<mask>,-7.1421547,12.856548597341604,52,TXG-0213
1126,TXG-0213_pos56,S,-10.115859,<mask>,-7.908232,9.094110443637412,56,TXG-0213
1127,TXG-0213_pos62,S,-9.260722,<pad>,-4.9102473,77.5152506824948,62,TXG-0213
1128,TXG-0213_pos81,Q,-7.8251762,<mask>,-5.295023,12.555429481132787,81,TXG-0213
1129,TXG-0213_pos97,K,-8.425884,</s>,-7.5240445,2.46413171498632,97,TXG-0213
1130,TXG-0213_pos102,F,-25.079464,<mask>,-7.5408955,41390771.3626134,102,TXG-0213
1131,TXG-0213_pos104,P,-22.413216,<mask>,-7.290952,3694160.9151002727,104,TXG-0213
1132,TXG-0214_pos98,F,-24.745075,H,-7.0611205,47867842.96088059,98,TXG-0214
1133,TXG-0214_pos100,V,-17.82578,<mask>,-8.046799,17658.64951800975,100,TXG-0214
1134,TXG-0215_pos97,R,-11.907415,<s>,-7.3179197,98.44473256528704,97,TXG-0215
1135,TXG-0215_pos150,S,-21.56134,A,-1.0780668,786633653.0709724,150,TXG-0215
1136,TXG-0216_pos30,S,-9.1557865,<mask>,-8.017641,3.120975146675105,30,TXG-0216
1137,TXG-0216_pos49,N,-5.924716,H,-5.4357424,1.6306416701132078,49,TXG-0216
1138,TXG-0216_pos79,Y,-5.9249988,H,-2.364136,35.1935490435295,79,TXG-0216
1139,TXG-0216_pos99,Q,-20.790987,<mask>,-6.9165425,1060705.1704015809,99,TXG-0216
1140,TXG-0216_pos103,P,-22.525755,<s>,-7.3253345,3994466.1551274178,103,TXG-0216
1141,TXG-0216_pos215,Y,-29.982403,V,-5.0139294,69770254319.26099,215,TXG-0216
1142,TXG-0217_pos84,L,-6.1373925,</s>,-4.2528963,6.583037072362761,84,TXG-0217
1143,TXG-0217_pos93,Y,-4.265391,</s>,-2.5109599,5.780158474257286,93,TXG-0217
1144,TXG-0218_pos109,Y,-18.50524,<mask>,-7.282065,74845.03088484528,109,TXG-0218
1145,TXG-0219_pos19,L,-8.636664,<s>,-6.110788,12.501842081864089,19,TXG-0219
1146,TXG-0219_pos67,T,-6.2908087,<pad>,-4.0447855,9.450079933109654,67,TXG-0219
1147,TXG-0219_pos91,V,-4.847191,M,-3.0062463,6.302489411305084,91,TXG-0219
1148,TXG-0219_pos111,Y,-16.265076,<s>,-7.089817,9655.268462333752,111,TXG-0219
1149,TXG-0219_pos114,L,-11.043665,<s>,-5.1199884,373.78344288767886,114,TXG-0219
1150,TXG-0219_pos116,G,-6.283325,<mask>,-5.253683,2.8000632326067394,116,TXG-0219
1151,TXG-0219_pos155,S,-20.057623,M,-0.8054622,229671549.36074573,155,TXG-0219
1152,TXG-0220_pos19,L,-8.636664,<s>,-6.110788,12.501842081864089,19,TXG-0220
1153,TXG-0220_pos51,N,-5.324867,</s>,-4.6904883,1.885850098735024,51,TXG-0220
1154,TXG-0220_pos105,Y,-10.941214,M,-6.16566,118.57598752473793,105,TXG-0220
1155,TXG-0220_pos111,Y,-16.265076,<s>,-7.089817,9655.268462333752,111,TXG-0220
1156,TXG-0220_pos114,L,-11.043665,<s>,-5.1199884,373.78344288767886,114,TXG-0220
1157,TXG-0220_pos116,G,-6.283325,<mask>,-5.253683,2.8000632326067394,116,TXG-0220
1158,TXG-0221_pos2,Q,-7.8021493,<mask>,-5.9451103,6.404744219198975,2,TXG-0221
1159,TXG-0221_pos19,L,-8.8024025,<s>,-6.1575394,14.08151719145972,19,TXG-0221
1160,TXG-0221_pos56,T,-5.9792676,<pad>,-5.352086,1.872326171892616,56,TXG-0221
1161,TXG-0221_pos89,T,-5.339134,M,-2.845484,12.105380219300022,89,TXG-0221
1162,TXG-0221_pos105,Y,-10.678208,M,-6.229588,85.50886031596092,105,TXG-0221
1163,TXG-0221_pos111,Y,-15.91388,<s>,-7.013199,7336.968313663846,111,TXG-0221
1164,TXG-0221_pos114,L,-10.70271,<s>,-5.027858,291.4452014634378,114,TXG-0221
1165,TXG-0221_pos119,T,-8.583064,<pad>,-6.8848495,5.46418237896866,119,TXG-0221
1166,TXG-0221_pos155,S,-20.366627,M,-1.0031977,256702734.93708983,155,TXG-0221
1167,TXG-0221_pos219,A,-20.296566,E,-1.8926377,98338709.79277052,219,TXG-0221
1168,TXG-0222_pos3,L,-8.472775,<s>,-4.4265394,57.181796229604025,3,TXG-0222
1169,TXG-0222_pos19,L,-7.7367306,<s>,-6.379779,3.884334230913464,19,TXG-0222
1170,TXG-0222_pos80,K,-6.120748,<s>,-5.8487415,1.3125955331543449,80,TXG-0222
1171,TXG-0222_pos98,S,-16.40776,<mask>,-7.606722,6641.133926806522,98,TXG-0222
1172,TXG-0222_pos100,S,-15.399753,<pad>,-3.1384532,211356.1279718071,100,TXG-0222
1173,TXG-0222_pos156,S,-20.034138,A,-1.9347969,72517690.72069916,156,TXG-0222
1174,TXG-0223_pos4,Q,-7.3628187,<mask>,-6.8387938,1.6888112853559327,4,TXG-0223
1175,TXG-0223_pos19,L,-7.616182,</s>,-7.013308,1.827363102274866,19,TXG-0223
1176,TXG-0223_pos32,Y,-5.416023,</s>,-5.031276,1.469242556048125,32,TXG-0223
1177,TXG-0223_pos80,K,-6.8322206,<s>,-5.6590567,3.2322028445557303,80,TXG-0223
1178,TXG-0223_pos102,V,-12.3667755,<mask>,-7.263755,164.51808444519867,102,TXG-0223
1179,TXG-0224_pos55,S,-11.500185,<mask>,-8.174101,27.829149095791525,55,TXG-0224
1180,TXG-0225_pos15,R,-4.4723835,</s>,-4.331711,1.151047618154534,15,TXG-0225
1181,TXG-0225_pos98,D,-20.095924,<mask>,-7.175294,408656.4064790387,98,TXG-0225
1182,TXG-0225_pos101,S,-17.333939,<mask>,-7.502496,18609.788784467142,101,TXG-0225
1183,TXG-0226_pos100,D,-20.647928,<mask>,-8.044611,297543.88330580026,100,TXG-0226
1184,TXG-0226_pos108,I,-20.26472,<mask>,-6.1917086,1293692.9003154973,108,TXG-0226
1185,TXG-0227_pos58,Y,-5.2886767,</s>,-5.2391825,1.0507394979080629,58,TXG-0227
1186,TXG-0227_pos105,F,-19.319204,<mask>,-6.5349083,356573.5111628399,105,TXG-0227
1187,TXG-0227_pos219,S,-9.373635,<mask>,-5.99274,29.39706972030697,219,TXG-0227
1188,TXG-0228_pos2,Q,-8.042183,<mask>,-5.8788404,8.700170298420053,2,TXG-0228
1189,TXG-0228_pos3,L,-11.120525,<mask>,-5.151684,391.0521785269963,3,TXG-0228
1190,TXG-0228_pos28,F,-4.510124,<unk>,-3.7097785,2.226309985730249,28,TXG-0228
1191,TXG-0228_pos100,S,-13.421919,<mask>,-7.4302874,400.0668267384519,100,TXG-0228
1192,TXG-0228_pos101,S,-11.229701,</s>,-6.7630835,87.06173807238069,101,TXG-0228
1193,TXG-0228_pos148,S,-20.00543,I,-1.0231657,175344698.45172188,148,TXG-0228
1194,TXG-0228_pos218,S,-15.300384,C,-0.36295244,3070747.453116885,218,TXG-0228
1195,TXG-0229_pos94,Y,-4.4566617,<pad>,-3.7706885,1.9857033820255756,94,TXG-0229
1196,TXG-0229_pos100,S,-12.914101,<mask>,-7.3304873,266.0312278969727,100,TXG-0229
1197,TXG-0229_pos101,S,-10.497953,</s>,-6.5467772,51.99646835369936,101,TXG-0229
1198,TXG-0230_pos58,Y,-5.443098,</s>,-4.806672,1.88971495455188,58,TXG-0230
1199,TXG-0230_pos75,K,-5.9653807,<s>,-5.40095,1.7584464141657163,75,TXG-0230
1200,TXG-0230_pos97,K,-15.726393,<mask>,-7.5381117,3598.532131337579,97,TXG-0230
1201,TXG-0230_pos107,Y,-17.996426,</s>,-5.9882107,164097.3781824147,107,TXG-0230
1202,TXG-0230_pos148,S,-19.556417,I,-1.6475339,59941707.12433308,148,TXG-0230
1203,TXG-0231_pos187,S,-17.925129,P,-3.8091185,1350533.8274575493,187,TXG-0231
1204,TXG-0232_pos30,S,-8.029478,<mask>,-6.626585,4.066948646619882,30,TXG-0232
1205,TXG-0232_pos33,M,-6.188569,<pad>,-3.2479022,18.928463604713865,33,TXG-0232
1206,TXG-0232_pos102,I,-13.853171,<mask>,-8.764559,162.1646212782182,102,TXG-0232
1207,TXG-0232_pos112,Y,-13.393222,<s>,-5.515529,2637.780175974043,112,TXG-0232
1208,TXG-0232_pos158,S,-23.564379,A,-3.0736446,792524834.3944049,158,TXG-0232
1209,TXG-0233_pos63,L,-6.377367,<mask>,-4.6539497,5.60364511846461,63,TXG-0233
1210,TXG-0233_pos101,G,-19.024996,H,-6.8478355,194300.3622988151,101,TXG-0233
1211,TXG-0233_pos104,V,-16.369322,<mask>,-7.514976,7004.765625229361,104,TXG-0233
1212,TXG-0233_pos116,T,-11.370586,</s>,-6.9965906,79.3600743622104,116,TXG-0233
1213,TXG-0233_pos154,S,-24.841223,A,-2.418911,5468728627.782853,154,TXG-0233
1214,TXG-0234_pos30,S,-9.065811,<mask>,-7.5255804,4.665666049537116,30,TXG-0234
1215,TXG-0234_pos31,Y,-4.7660146,H,-1.5699189,24.436934577883594,31,TXG-0234
1216,TXG-0234_pos32,G,-5.1546006,H,-4.558371,1.8152616189473976,32,TXG-0234
1217,TXG-0234_pos105,F,-13.0894785,H,-5.4008937,2183.282593341006,105,TXG-0234
1218,TXG-0235_pos3,L,-8.020655,<mask>,-4.9085217,22.468926269803006,3,TXG-0235
1219,TXG-0235_pos26,Y,-3.1239634,H,-2.8912067,1.2620743792735771,26,TXG-0235
1220,TXG-0235_pos29,T,-8.259075,<pad>,-5.034399,25.145425717910086,29,TXG-0235
1221,TXG-0235_pos30,S,-9.354957,<mask>,-7.9539995,4.059084680322713,30,TXG-0235
1222,TXG-0235_pos59,Y,-4.216441,H,-1.9778619,9.379993780891969,59,TXG-0235
1223,TXG-0235_pos63,L,-6.4554987,<mask>,-4.8252473,5.105157993941924,63,TXG-0235
1224,TXG-0235_pos76,S,-8.47128,<mask>,-7.9754276,1.641897195906721,76,TXG-0235
1225,TXG-0235_pos99,V,-17.138449,<mask>,-7.436276,16353.103911668368,99,TXG-0235
1226,TXG-0235_pos100,T,-19.561768,<mask>,-6.953354,299064.3360611531,100,TXG-0235
1227,TXG-0235_pos105,F,-17.026402,<mask>,-6.485287,37839.734244338826,105,TXG-0235
1228,TXG-0235_pos112,T,-10.752995,</s>,-6.75768,54.34295595913319,112,TXG-0235
1229,TXG-0235_pos117,S,-22.986233,<mask>,-7.0716486,8158610.250526468,117,TXG-0235
1230,TXG-0235_pos153,S,-24.68317,A,-2.3189712,5159981339.203946,153,TXG-0235
1231,TXG-0236_pos29,T,-7.9682484,<pad>,-5.529092,11.463366166934058,29,TXG-0236
1232,TXG-0236_pos30,S,-9.398556,<mask>,-7.975232,4.150895109411933,30,TXG-0236
1233,TXG-0236_pos52,A,-6.6009254,<mask>,-6.201454,1.4910363274906857,52,TXG-0236
1234,TXG-0236_pos63,L,-5.9537086,<mask>,-4.8724136,2.94849538130096,63,TXG-0236
1235,TXG-0236_pos64,Q,-6.0752163,H,-4.6092505,4.331724800512647,64,TXG-0236
1236,TXG-0236_pos76,S,-8.025911,<mask>,-7.7638044,1.2996650793426925,76,TXG-0236
1237,TXG-0236_pos101,N,-19.594795,<mask>,-7.0566664,278766.1674792236,101,TXG-0236
1238,TXG-0236_pos105,F,-16.977285,<mask>,-6.8488836,25044.2966012242,105,TXG-0236
1239,TXG-0239_pos30,S,-9.272252,<mask>,-8.03425,3.448716041880084,30,TXG-0239
1240,TXG-0239_pos58,S,-7.5450916,<mask>,-7.4727416,1.075031539264556,58,TXG-0239
1241,TXG-0239_pos77,T,-6.6627827,</s>,-6.6087427,1.055526822383566,77,TXG-0239
1242,TXG-0239_pos82,L,-5.2350097,<unk>,-4.175021,2.8863383734600587,82,TXG-0239
1243,TXG-0239_pos102,D,-23.54317,<mask>,-6.6266785,22219736.86841267,102,TXG-0239
1244,TXG-0239_pos104,Y,-20.52422,<mask>,-6.489012,1245699.7771764477,104,TXG-0239
1245,TXG-0239_pos105,Y,-21.248663,<s>,-6.530428,2466313.293865533,105,TXG-0239
1246,TXG-0239_pos113,T,-23.594795,<mask>,-6.91068,17612421.885405686,113,TXG-0239
1247,TXG-0239_pos114,L,-19.121737,<mask>,-5.74971,641796.78609321,114,TXG-0239
