,mAbs_pos,wt,max_prob_aa,wt_prob,max_prob,max/wt_ratio,pos,alias,true_mutation
1,TXG-0001_pos15,R,G,0.00014105928,0.00015174338,1.0757419150303331,15,TXG-0001,G
17,TXG-0002_pos58,K,N,1.0625824e-06,0.00014212746,133.7566479550198,58,TXG-0002,T
27,TXG-0003_pos15,R,G,9.9947865e-06,0.00024688806,24.701684223069694,15,TXG-0003,G
28,TXG-0003_pos33,M,A,1.091102e-07,0.00038781326,3554.326359955348,33,TXG-0003,I
29,TXG-0003_pos58,K,N,1.8410235e-05,0.01232238,669.3222547132071,58,TXG-0003,T
38,TXG-0004_pos15,R,G,9.579316e-06,0.00092097616,96.14216296862948,15,TXG-0004,G
41,TXG-0004_pos52,X,Y,4.0876057e-05,0.0005595573,13.689121237892392,52,TXG-0004,Y
44,TXG-0004_pos57,N,S,8.732011e-05,9.61865e-05,1.1015389238515616,57,TXG-0004,Q
45,TXG-0004_pos58,K,N,1.1400763e-05,0.00057860924,50.75179968217917,58,TXG-0004,T
55,TXG-0005_pos15,R,G,3.0562421e-06,0.0005670052,185.5236533781143,15,TXG-0005,G
57,TXG-0005_pos53,X,D,4.8431055e-05,0.00045175824,9.327862876412665,53,TXG-0005,D
60,TXG-0005_pos57,N,S,9.988574e-05,0.00023578029,2.360500007308351,57,TXG-0005,Q
61,TXG-0005_pos58,K,N,1.837389e-05,0.014484535,788.3216346674548,58,TXG-0005,T
73,TXG-0005_pos161,S,Q,3.8168397e-09,0.119470835,31300983.114381254,161,TXG-0005,N
76,TXG-0006_pos15,R,G,1.8930248e-05,0.0004766287,25.178154031579517,15,TXG-0006,G
77,TXG-0006_pos33,M,A,1.3916739e-08,0.00047919745,34433.17073058566,33,TXG-0006,I
78,TXG-0006_pos57,N,S,3.964312e-05,0.00020261305,5.11092593115779,57,TXG-0006,Q
89,TXG-0007_pos15,R,G,1.5281133e-06,0.00047833007,313.02002933944755,15,TXG-0007,G
90,TXG-0007_pos33,M,A,6.009857e-08,0.0001226028,2040.028573059226,33,TXG-0007,I
92,TXG-0007_pos58,K,N,9.801649e-06,0.00017820444,18.18106728775944,58,TXG-0007,T
104,TXG-0008_pos33,M,A,8.5466546e-08,0.00021603497,2527.713826179427,33,TXG-0008,I
105,TXG-0008_pos52,X,Y,8.930443e-06,0.00023543606,26.36331254787697,52,TXG-0008,Y
116,TXG-0008_pos102,Y,N,5.962126e-07,0.00042997237,721.1729004049898,102,TXG-0008,N
121,TXG-0009_pos15,R,G,5.8129963e-06,0.00024151495,41.54741161627782,15,TXG-0009,G
123,TXG-0009_pos53,X,D,1.0750481e-05,0.00011060193,10.288091295635985,53,TXG-0009,D
125,TXG-0009_pos57,N,S,0.00011578577,0.00013141512,1.1349850676814603,57,TXG-0009,Q
126,TXG-0009_pos58,K,N,2.0148194e-05,0.0042745937,212.1576603838537,58,TXG-0009,T
138,TXG-0010_pos27,T,A,6.4056796e-05,8.365891e-05,1.3060114652003512,27,TXG-0010,I
140,TXG-0010_pos34,S,M,2.3508967e-08,0.02059162,875904.9259799464,34,TXG-0010,A
149,TXG-0010_pos157,Y,Q,1.9772377e-09,0.08587125,43429907.289346136,157,TXG-0010,N
159,TXG-0011_pos157,Y,Q,4.4323545e-10,0.10661558,240539379.2396344,157,TXG-0011,N
171,TXG-0012_pos157,Y,Q,3.2929226e-10,0.21143834,642099331.4571074,157,TXG-0012,N
181,TXG-0013_pos157,Y,Q,9.60277e-10,0.05408327,56320488.775634535,157,TXG-0013,N
188,TXG-0014_pos39,A,Q,9.806105e-07,0.0006209952,633.2740675324198,39,TXG-0014,T
193,TXG-0014_pos157,Y,Q,8.2049706e-10,0.14637525,178398262.63362846,157,TXG-0014,N
198,TXG-0015_pos34,S,M,2.6911984e-08,0.03655815,1358433.8486527042,34,TXG-0015,A
205,TXG-0015_pos157,Y,Q,2.366381e-10,0.12537766,529828713.1277677,157,TXG-0015,N
210,TXG-0016_pos34,S,M,1.2955391e-07,0.011300104,87223.1799102011,34,TXG-0016,A
218,TXG-0016_pos157,Y,Q,9.003959e-10,0.085606135,95076104.85565291,157,TXG-0016,N
228,TXG-0017_pos157,Y,Q,3.5378536e-10,0.22375102,632448499.2821636,157,TXG-0017,N
264,TXG-0024_pos43,R,Q,7.470185e-05,0.00012512547,1.674998276481774,43,TXG-0024,S
270,TXG-0024_pos103,S,G,9.044434e-07,0.0002680029,296.31804488816,103,TXG-0024,G
272,TXG-0024_pos116,Q,G,7.290687e-09,0.008221973,1127736.3847878808,116,TXG-0024,L
279,TXG-0025_pos103,S,G,1.6318471e-06,0.00018196164,111.50654984771552,103,TXG-0025,G
284,TXG-0026_pos30,S,T,0.00012760224,0.0003046572,2.387553698116898,30,TXG-0026,N
285,TXG-0026_pos33,M,A,3.000713e-07,7.301388e-05,243.32177052587164,33,TXG-0026,I
290,TXG-0026_pos92,V,A,1.5513864e-05,0.0013527571,87.19665842113868,92,TXG-0026,L
294,TXG-0026_pos116,Q,G,1.4530558e-09,0.006114289,4207883.138417671,116,TXG-0026,L
314,TXG-0029_pos31,Y,S,1.7761745e-06,0.00012156051,68.4395086181003,31,TXG-0029,Q
316,TXG-0029_pos56,S,G,1.3679938e-05,0.00010138692,7.411358150892204,56,TXG-0029,G
319,TXG-0029_pos92,V,A,1.5498974e-05,0.009446972,609.5224109673323,92,TXG-0029,M
324,TXG-0030_pos58,S,T,1.0601516e-06,0.00028873287,272.3505487328416,58,TXG-0030,T
338,TXG-0031_pos158,S,Q,3.1765979e-09,0.07698561,24235239.216143783,158,TXG-0031,N
349,TXG-0032_pos158,S,Q,1.6480729e-09,0.104349226,63315904.29039881,158,TXG-0032,N
351,TXG-0033_pos20,T,M,0.0005800196,0.0037548612,6.473679854956626,20,TXG-0033,I
359,TXG-0033_pos111,T,M,0.00044819852,0.0019464979,4.342936920005894,111,TXG-0033,I
360,TXG-0033_pos158,S,Q,5.885328e-09,0.10550333,17926499.59356556,158,TXG-0033,N
366,TXG-0034_pos58,Y,H,1.8173282e-06,0.00038272858,210.59959340310684,58,TXG-0034,H
367,TXG-0034_pos60,A,H,8.372358e-06,0.007605316,908.3839940910316,60,TXG-0034,R
370,TXG-0034_pos92,V,A,8.5143654e-07,0.0066254297,7781.4721223968145,92,TXG-0034,L
371,TXG-0034_pos164,S,Q,6.1552957e-10,0.09657891,156903769.8708772,164,TXG-0034,N
375,TXG-0035_pos55,G,H,0.00012403242,0.00022722149,1.8319524040569397,55,TXG-0035,H
376,TXG-0035_pos58,Y,H,6.948362e-05,0.0042644544,61.373520838436455,58,TXG-0035,H
377,TXG-0035_pos60,A,H,1.1810552e-05,0.009403371,796.1838701527245,60,TXG-0035,R
380,TXG-0035_pos164,S,Q,7.0578265e-10,0.08680258,122987693.16587764,164,TXG-0035,N
385,TXG-0036_pos55,G,H,0.00013517356,0.00027934526,2.066567307985378,55,TXG-0036,H
386,TXG-0036_pos58,Y,H,5.8818966e-07,0.00013716321,233.19554784421064,58,TXG-0036,H
387,TXG-0036_pos60,A,H,1.4555598e-06,0.030984154,21286.76128593274,60,TXG-0036,R
390,TXG-0036_pos92,V,A,0.00020211712,0.00024947745,1.2343212193009676,92,TXG-0036,L
391,TXG-0036_pos164,S,Q,4.7934146e-10,0.15690623,327337071.9903928,164,TXG-0036,N
402,TXG-0039_pos30,S,H,0.00012603239,0.0010489583,8.32292635250351,30,TXG-0039,R
414,TXG-0039_pos94,Y,H,0.0078042224,0.07781946,9.971455964658311,94,TXG-0039,H
419,TXG-0039_pos108,Y,H,5.8934432e-08,0.06989356,1185954.5876339318,108,TXG-0039,R
424,TXG-0040_pos30,S,H,6.841444e-05,0.0010127377,14.802981651242046,30,TXG-0040,R
437,TXG-0040_pos94,Y,H,0.014178458,0.020922435,1.4756495381937866,94,TXG-0040,H
442,TXG-0040_pos108,Y,H,7.235003e-08,0.027051859,373902.5263707562,108,TXG-0040,R
447,TXG-0041_pos30,S,H,9.349121e-05,0.0013002647,13.907881821189392,30,TXG-0041,R
460,TXG-0041_pos94,Y,H,0.00997473,0.025971036,2.603683107211925,94,TXG-0041,H
465,TXG-0041_pos108,Y,H,8.307319e-08,0.02648264,318786.8432643552,108,TXG-0041,R
486,TXG-0046_pos92,V,A,1.10555995e-07,0.0063760118,57672.2393028076,92,TXG-0046,M
495,TXG-0048_pos84,S,N,0.00011543824,0.00043552293,3.7727786736873328,84,TXG-0048,N
499,TXG-0049_pos51,S,H,0.00011620028,0.00037694152,3.2438951093749515,51,TXG-0049,R
506,TXG-0050_pos92,V,A,1.0652182e-05,0.0029666517,278.5017848925225,92,TXG-0050,L
509,TXG-0051_pos20,S,L,6.3777424e-07,0.00094382896,1479.8794005853858,20,TXG-0051,A
529,TXG-0053_pos31,Y,S,1.3834818e-05,6.528798e-05,4.719106532518173,31,TXG-0053,S
541,TXG-0053_pos92,V,A,5.27822e-07,0.01724996,32681.39637984017,92,TXG-0053,L
546,TXG-0054_pos31,Y,N,1.3247505e-06,5.9621103e-05,45.005533494797696,31,TXG-0054,S
564,TXG-0056_pos107,N,H,1.0266131e-06,0.0082826475,8067.934745816122,107,TXG-0056,K
567,TXG-0057_pos57,K,N,9.797274e-06,0.0076219393,777.9653095340601,57,TXG-0057,T
574,TXG-0057_pos120,M,G,3.6877463e-09,0.00088776526,240733.821629758,120,TXG-0057,V
576,TXG-0058_pos15,R,G,6.2131374e-05,0.0005954033,9.58297333002808,15,TXG-0058,M
594,TXG-0062_pos54,Y,H,0.00039209635,0.028605424,72.95508871735225,54,TXG-0062,H
600,TXG-0062_pos163,S,Q,3.3443287e-10,0.09962203,297883488.5458478,163,TXG-0062,N
601,TXG-0063_pos31,S,H,0.00016533902,0.00047520697,2.8741368492446613,31,TXG-0063,R
606,TXG-0063_pos58,T,S,1.2614749e-05,0.0003433649,27.219320812487037,58,TXG-0063,S
607,TXG-0063_pos60,Y,H,0.0019594259,0.009980326,5.093494987485874,60,TXG-0063,H
621,TXG-0067_pos67,T,V,1.1660911e-07,0.0016313697,13990.070758622547,67,TXG-0067,A
622,TXG-0067_pos68,I,T,0.00021166602,0.0023318136,11.016475861359323,68,TXG-0067,T
631,TXG-0067_pos226,S,Q,6.5731753e-10,0.0049482826,7527994.270896746,226,TXG-0067,T
641,TXG-0069_pos188,A,G,1.3131965e-07,0.046977192,357731.62660728995,188,TXG-0069,V
656,TXG-0072_pos4,Q,H,1.6302623e-05,0.0013662032,83.80266169437886,4,TXG-0072,R
660,TXG-0072_pos54,Y,H,0.00013286559,0.022099422,166.32916016855833,54,TXG-0072,H
677,TXG-0074_pos58,S,T,8.8549575e-07,0.0005915251,668.0157414645977,58,TXG-0074,T
689,TXG-0076_pos102,V,I,7.6110604e-07,3.224942e-05,42.371783043529646,102,TXG-0076,L
691,TXG-0076_pos114,M,G,1.3036023e-09,0.0002667334,204612.5570659088,114,TXG-0076,I
696,TXG-0077_pos34,S,I,4.7067335e-08,0.0027337642,58081.98403415023,34,TXG-0077,A
709,TXG-0079_pos33,M,A,2.4214046e-08,0.0011424071,47179.52134063015,33,TXG-0079,L
715,TXG-0080_pos113,W,H,2.69062e-08,0.18557969,6897283.525730128,113,TXG-0080,R
720,TXG-0081_pos113,W,H,1.4794313e-08,0.106134966,7174038.15912236,113,TXG-0081,R
732,TXG-0084_pos84,S,N,1.7420203e-05,0.0036999057,212.39165238200724,84,TXG-0084,N
742,TXG-0084_pos162,S,N,1.17060415e-08,0.103279315,8822736.105967162,162,TXG-0084,N
743,TXG-0084_pos175,Q,P,3.5025804e-09,0.18178949,51901589.46815325,175,TXG-0084,T
746,TXG-0085_pos20,S,L,1.5954869e-06,0.00078091986,489.4555135488734,20,TXG-0085,A
749,TXG-0085_pos78,N,K,2.9662977e-05,0.0009084504,30.625732541949517,78,TXG-0085,K
752,TXG-0086_pos30,S,T,7.76528e-06,8.1073034e-05,10.440452115055734,30,TXG-0086,T
754,TXG-0086_pos53,S,N,8.1649945e-05,8.543169e-05,1.0463165651856838,53,TXG-0086,T
755,TXG-0086_pos58,S,T,5.1288424e-07,9.673502e-05,188.60985083105692,58,TXG-0086,T
763,TXG-0087_pos57,N,T,1.4510959e-05,0.00079387525,54.7086688067963,57,TXG-0087,S
764,TXG-0087_pos60,P,N,5.6167792e-08,0.00788066,140305.67553732573,60,TXG-0087,S
789,TXG-0090_pos50,I,M,0.001723694,0.009739626,5.650437954764593,50,TXG-0090,V
790,TXG-0090_pos56,T,S,3.6403392e-06,0.00065538316,180.03354192927955,56,TXG-0090,S
792,TXG-0090_pos75,N,K,0.000105350206,0.0014121174,13.404030742948905,75,TXG-0090,K
793,TXG-0090_pos80,K,M,0.0008873867,0.023726372,26.737353624975444,80,TXG-0090,M
794,TXG-0090_pos81,L,M,1.7625794e-08,0.04124375,2339965.507369484,81,TXG-0090,V
799,TXG-0091_pos33,M,A,2.6965962e-08,0.0016194095,60053.83750077227,33,TXG-0091,I
808,TXG-0093_pos2,Q,H,0.0032344447,0.045805518,14.161787338642704,2,TXG-0093,R
824,TXG-0099_pos56,N,S,1.3028807e-05,0.00014114902,10.833610475617606,56,TXG-0099,T
825,TXG-0099_pos57,K,N,4.1751427e-05,0.0075727287,181.37652396886932,57,TXG-0099,N
836,TXG-0101_pos55,S,G,1.0468775e-06,0.00042254818,403.62714835307855,55,TXG-0101,G
852,TXG-0105_pos99,S,M,1.0921381e-05,0.0056353514,515.9925654090815,99,TXG-0105,G
866,TXG-0108_pos12,Q,H,0.00038110887,0.013301094,34.90103497197533,12,TXG-0108,K
867,TXG-0108_pos14,R,G,3.0874417e-06,0.000748298,242.3683012378825,14,TXG-0108,G
877,TXG-0108_pos54,S,H,1.1000704e-05,0.0007126096,64.77854508220564,54,TXG-0108,R
885,TXG-0108_pos87,G,E,1.412219e-06,0.0050457353,3572.912770611357,87,TXG-0108,D
887,TXG-0108_pos96,Y,H,8.884972e-06,0.0013787283,155.1753117511231,96,TXG-0108,H
890,TXG-0108_pos108,Y,H,1.5988084e-05,0.04049504,2532.8263224036104,108,TXG-0108,K
891,TXG-0108_pos162,S,Q,2.2011461e-08,0.11689274,5310539.813781557,162,TXG-0108,T
894,TXG-0109_pos72,V,M,0.0008004248,0.0036691315,4.583980281470539,72,TXG-0109,I
895,TXG-0109_pos93,V,A,9.4398854e-07,0.024561362,26018.707811855427,93,TXG-0109,A
904,TXG-0112_pos56,T,S,1.6064807e-05,0.00015764608,9.813132520048326,56,TXG-0112,N
912,TXG-0113_pos51,S,H,0.00020269424,0.0002679232,1.3218096380045137,51,TXG-0113,K
922,TXG-0114_pos92,V,A,4.9563594e-05,0.005601124,113.00883467006044,92,TXG-0114,I
925,TXG-0115_pos30,S,T,4.914873e-05,0.00018255775,3.714394044362896,30,TXG-0115,T
935,TXG-0117_pos84,S,L,1.2647788e-08,0.00017223293,13617.632585239411,84,TXG-0117,G
937,TXG-0119_pos2,Q,H,0.00064628053,0.0007135403,1.1040720969885942,2,TXG-0119,H
945,TXG-0120_pos32,Y,H,0.0019559264,0.0059654517,3.049936694959483,32,TXG-0120,H
971,TXG-0126_pos72,V,M,5.576524e-05,0.0007241077,12.98492932156304,72,TXG-0126,L
973,TXG-0126_pos104,V,M,1.6814392e-06,0.033780515,20090.238766884937,104,TXG-0126,I
980,TXG-0127_pos92,M,A,6.140322e-10,0.0049386364,8042959.962034564,92,TXG-0127,I
985,TXG-0128_pos32,A,Y,7.010401e-08,0.0027504542,39233.90687636841,32,TXG-0128,Y
991,TXG-0128_pos92,V,A,8.378494e-05,0.00041172444,4.9140625988393625,92,TXG-0128,L
995,TXG-0128_pos158,S,N,2.2114317e-09,0.026247572,11869040.31447139,158,TXG-0128,N
999,TXG-0129_pos84,S,N,6.0657835e-06,0.012380204,2040.9900880900216,84,TXG-0129,N
1000,TXG-0129_pos92,V,A,5.1894025e-05,0.0029477712,56.80367248445269,92,TXG-0129,L
1002,TXG-0129_pos114,Q,G,4.6576528e-08,0.0011379957,24432.81517248344,114,TXG-0129,L
1013,TXG-0132_pos57,K,N,3.489729e-05,0.0051631066,147.95150568998338,57,TXG-0132,Q
1014,TXG-0132_pos61,D,A,1.3217714e-07,0.0018801639,14224.576957861243,61,TXG-0132,G
1017,TXG-0133_pos33,M,A,5.591111e-08,0.0001657591,2964.689844290339,33,TXG-0133,L
1046,TXG-0139_pos30,S,H,6.44545e-05,0.00088404206,13.715753903916715,30,TXG-0139,R
1051,TXG-0139_pos70,T,M,0.00017427118,0.00034384034,1.9730189466783892,70,TXG-0139,A
1052,TXG-0139_pos76,S,T,9.944424e-07,0.0020604904,2072.005779319144,76,TXG-0139,T
1053,TXG-0139_pos97,R,H,0.00027705796,0.00064598914,2.3316028891572,97,TXG-0139,K
1070,TXG-0143_pos101,S,M,6.16294e-06,0.0065641175,1065.0951493929845,101,TXG-0143,G
1089,TXG-0150_pos88,E,A,9.155818e-09,0.0015398902,168187.06968618208,88,TXG-0150,G
1090,TXG-0150_pos92,V,A,1.07038346e-07,0.009874661,92253.490165104,92,TXG-0150,L
1095,TXG-0152_pos27,T,H,4.378643e-05,0.0014402035,32.89154882003397,27,TXG-0152,R
1102,TXG-0152_pos76,S,T,1.0055814e-05,0.00087332237,86.8475063281799,76,TXG-0152,T
1111,TXG-0154_pos56,N,H,7.782058e-06,0.0015312716,196.76949208037257,56,TXG-0154,H
1113,TXG-0154_pos64,Q,H,0.00011558726,0.007267413,62.87382363765696,64,TXG-0154,H
1115,TXG-0154_pos76,S,T,6.0535094e-06,0.0023455983,387.4774358159913,76,TXG-0154,T
1122,TXG-0155_pos98,S,H,2.455182e-07,0.030577444,124542.47383697012,98,TXG-0155,R
1123,TXG-0155_pos100,G,H,1.6464382e-05,0.0032065504,194.7568028973089,100,TXG-0155,H
1144,TXG-0158_pos84,S,N,2.7483642e-05,0.011084106,403.2982964921461,84,TXG-0158,N
1146,TXG-0159_pos51,S,N,0.00026542778,0.0004651194,1.75233880944941,51,TXG-0159,N
1149,TXG-0159_pos62,K,H,0.00010085507,0.017547637,173.98864529071273,62,TXG-0159,R
1156,TXG-0161_pos33,M,A,7.668139e-08,0.00053202006,6938.059677843608,33,TXG-0161,I
1201,TXG-0171_pos107,F,H,1.4933059e-07,0.019026883,127414.50361911784,107,TXG-0171,H
1206,TXG-0172_pos94,Y,H,0.017234603,0.04530945,2.62898135802722,94,TXG-0172,H
1227,TXG-0176_pos52,I,M,0.0013534748,0.03708322,27.398530064985327,52,TXG-0176,L
1236,TXG-0178_pos97,R,M,6.433866e-05,0.009017307,140.1537893391003,97,TXG-0178,G
1253,TXG-0182_pos154,S,G,8.63459e-09,0.006394063,740517.2683358446,154,TXG-0182,G
1267,TXG-0185_pos29,S,N,0.00022297559,0.0003564733,1.598709975383404,29,TXG-0185,N
1276,TXG-0185_pos111,Q,G,4.8207363e-09,0.0005341873,110810.31335399946,111,TXG-0185,L
1278,TXG-0186_pos30,S,N,0.00011835755,0.0005295414,4.474082135022227,30,TXG-0186,N
1283,TXG-0187_pos31,Y,S,2.8075328e-06,3.8093884e-05,13.56845554929937,31,TXG-0187,N
1289,TXG-0187_pos107,D,M,9.905218e-09,0.0011319725,114280.42270245844,107,TXG-0187,A
1294,TXG-0188_pos76,D,T,8.5428953e-10,0.0010751539,1258535.7331957468,76,TXG-0188,N
1296,TXG-0188_pos92,V,A,1.6342318e-06,0.0056980653,3486.6934421420515,92,TXG-0188,M
1309,TXG-0190_pos43,G,K,2.460697e-08,0.00884588,359486.763303243,43,TXG-0190,R
1310,TXG-0190_pos51,Y,H,0.0016022963,0.051856026,32.36356846108925,51,TXG-0190,H
1312,TXG-0190_pos53,S,H,3.3172837e-05,0.027232274,820.9208636572145,53,TXG-0190,H
1321,TXG-0190_pos98,F,H,6.137811e-08,0.012012138,195707.19919528317,98,TXG-0190,R
1326,TXG-0190_pos159,S,Y,2.3322611e-08,0.16616005,7124418.87402744,159,TXG-0190,Y
1327,TXG-0190_pos160,S,Q,5.2532884e-10,0.12278355,233727030.8631828,160,TXG-0190,N
1336,TXG-0192_pos57,I,T,5.4945045e-05,0.00026564722,4.83478027909523,57,TXG-0192,T
1348,TXG-0193_pos1,V,M,0.0025870425,0.023273177,8.996055147915042,1,TXG-0193,M
1355,TXG-0193_pos62,S,P,1.8146117e-06,0.000618014,340.5764439852338,62,TXG-0193,P
1358,TXG-0193_pos70,S,M,0.00011550951,0.00057710137,4.996137287743667,70,TXG-0193,L
1359,TXG-0193_pos71,V,M,0.00077651243,0.0010365639,1.3348967253492643,71,TXG-0193,M
1364,TXG-0193_pos81,K,M,3.411001e-08,0.032106955,941276.6223170264,81,TXG-0193,I
1365,TXG-0193_pos82,L,M,2.0940574e-08,0.004203483,200733.8958330369,82,TXG-0193,M
1368,TXG-0193_pos101,V,M,0.0007438141,0.0039946362,5.370476574724787,101,TXG-0193,G
1375,TXG-0194_pos57,T,S,4.5488905e-06,0.00067659403,148.73825386651976,57,TXG-0194,S
1389,TXG-0197_pos30,S,H,5.061372e-05,0.00044670436,8.825756336424195,30,TXG-0197,R
1403,TXG-0199_pos31,Y,H,1.4176298e-06,0.0026396133,1861.9905563497605,31,TXG-0199,H
1405,TXG-0199_pos38,Q,H,3.1086056e-05,0.0057117706,183.7406006088389,38,TXG-0199,R
1416,TXG-0200_pos68,I,T,6.768131e-07,0.005049846,7461.211965312137,68,TXG-0200,T
1421,TXG-0201_pos30,S,H,7.244052e-05,0.00031704226,4.376587302244656,30,TXG-0201,R
1440,TXG-0203_pos85,S,N,1.9275241e-05,0.005913474,306.79118357067495,85,TXG-0203,N
1441,TXG-0203_pos93,V,A,5.158202e-07,0.017931286,34762.667301513204,93,TXG-0203,M
1444,TXG-0203_pos109,Q,G,7.934533e-08,0.00045134203,5688.325072187613,109,TXG-0203,L
1456,TXG-0207_pos80,Q,L,1.1187635e-09,0.008716651,7791325.870034195,80,TXG-0207,L
1465,TXG-0210_pos82,N,M,8.4506935e-09,0.054728262,6476185.889359257,82,TXG-0210,I
1470,TXG-0210_pos179,S,P,5.000106e-08,0.13278516,2655646.9002857143,179,TXG-0210,T
1471,TXG-0210_pos220,S,Q,1.9975095e-09,0.046359118,23208459.333985645,220,TXG-0210,T
1472,TXG-0211_pos33,M,A,1.5217303e-07,0.00031611524,2077.3407745117515,33,TXG-0211,I
1473,TXG-0211_pos74,S,N,2.5121421e-06,0.0074450597,2963.630003254991,74,TXG-0211,P
1480,TXG-0213_pos33,M,A,1.2884667e-08,0.00019297506,14977.108837969969,33,TXG-0213,L
1483,TXG-0213_pos62,S,N,6.273165e-06,1.7707416e-05,2.822724414231094,62,TXG-0213,P
1494,TXG-0215_pos55,G,N,4.664455e-06,2.8499513e-05,6.109934172373835,55,TXG-0215,S
1497,TXG-0216_pos30,S,H,0.00012292207,0.0014678321,11.941159956059966,30,TXG-0216,R
1503,TXG-0216_pos103,P,H,1.1833844e-07,0.016270792,137493.7171725434,103,TXG-0216,H
1506,TXG-0217_pos30,S,H,6.368737e-05,0.0005795214,9.09947137085422,30,TXG-0217,R
1512,TXG-0219_pos91,V,M,0.0025132995,0.08515538,33.88190703097661,91,TXG-0219,M
1568,TXG-0227_pos92,V,A,5.892866e-06,0.019743195,3350.35532795078,92,TXG-0227,L
1571,TXG-0228_pos28,F,T,1.2222679e-06,0.00026462568,216.50382866145796,28,TXG-0228,S
1573,TXG-0228_pos53,S,R,8.192208e-05,8.2858554e-05,1.0114312771355414,53,TXG-0228,R
1575,TXG-0228_pos55,G,S,1.8835557e-05,8.357749e-05,4.43721892588576,55,TXG-0228,P
1581,TXG-0228_pos154,S,N,1.24514e-08,0.03700672,2972093.0979648875,154,TXG-0228,N
1584,TXG-0229_pos77,T,N,2.4445513e-05,0.0006495626,26.571853902186465,77,TXG-0229,S
1600,TXG-0232_pos33,M,A,7.3470096e-07,0.0011343156,1543.9146833291195,33,TXG-0232,L
1608,TXG-0233_pos160,S,Q,8.511371e-10,0.11010491,129362132.14063868,160,TXG-0233,N
1631,TXG-0235_pos92,V,A,6.4493156e-07,0.008788517,13627.05369853508,92,TXG-0235,M
1643,TXG-0236_pos58,N,H,0.00028472417,0.00092283334,3.24114858250355,58,TXG-0236,K
1646,TXG-0236_pos73,T,H,4.891794e-05,0.0003213839,6.569857602343844,73,TXG-0236,K
1647,TXG-0236_pos76,S,T,9.101854e-05,0.0006291708,6.912556496731326,76,TXG-0236,T
1650,TXG-0236_pos222,S,Q,3.2444208e-10,0.00840941,25919603.27710882,222,TXG-0236,T
1654,TXG-0239_pos30,S,N,3.815229e-05,8.612391e-05,2.257371969022042,30,TXG-0239,N
1655,TXG-0239_pos58,S,T,1.9513877e-06,0.001110062,568.857741595891,58,TXG-0239,T
1658,TXG-0239_pos92,V,A,2.0429536e-05,0.0018087662,88.5368223732541,92,TXG-0239,M
